"PointID","x","y","Density","Momentum_x","Momentum_y","Energy"
0, 0.000000000000000e+00, 0.000000000000000e+00, 1.048643043587228e+00, 0.000000000000000e+00, 0.000000000000000e+00, 7.849815939406883e+00
1, 1.000328251414769e+00, 1.540414232829043e-03, 9.154791564677752e-01, 0.000000000000000e+00, 0.000000000000000e+00, 6.781133958576486e+00
6, -1.033972894578163e-03, 2.808784843743566e-03, 1.084810011924175e+00, 0.000000000000000e+00, 0.000000000000000e+00, 8.133531881509471e+00
7, -1.683668221316728e-03, 5.730487326118156e-03, 1.114265342454988e+00, 0.000000000000000e+00, 0.000000000000000e+00, 8.366569106509720e+00
8, -1.951536353435523e-03, 8.711796203520607e-03, 1.133300294582984e+00, 0.000000000000000e+00, 0.000000000000000e+00, 8.520005941890441e+00
9, -1.863287644383963e-03, 1.170417001917419e-02, 1.144314832665712e+00, 0.000000000000000e+00, 0.000000000000000e+00, 8.610186023431311e+00
10, -1.458424312472303e-03, 1.467070358718829e-02, 1.150556087497252e+00, 0.000000000000000e+00, 0.000000000000000e+00, 8.661988297614883e+00
11, -7.805980363713010e-04, 1.758731338402409e-02, 1.153642095986964e+00, 0.000000000000000e+00, 0.000000000000000e+00, 8.687955254758371e+00
12, 1.287934988827001e-04, 2.044046641659353e-02, 1.152779129108177e+00, 0.000000000000000e+00, 0.000000000000000e+00, 8.682607147255426e+00
13, 1.233554343954722e-03, 2.322399230851043e-02, 1.149503919722285e+00, 0.000000000000000e+00, 0.000000000000000e+00, 8.657865852705092e+00
14, 2.503386099726156e-03, 2.593633541388243e-02, 1.144158685039872e+00, 0.000000000000000e+00, 0.000000000000000e+00, 8.616638864498459e+00
15, 3.913429293305465e-03, 2.857860805607546e-02, 1.138431355665916e+00, 0.000000000000000e+00, 0.000000000000000e+00, 8.571882717269535e+00
16, 5.443483631189763e-03, 3.115332288024340e-02, 1.131951680145635e+00, 0.000000000000000e+00, 0.000000000000000e+00, 8.521130251619457e+00
17, 7.077120388969719e-03, 3.366364515921146e-02, 1.125277999595585e+00, 0.000000000000000e+00, 0.000000000000000e+00, 8.468652065778505e+00
18, 8.800946004495375e-03, 3.611297021453901e-02, 1.118155160488548e+00, 0.000000000000000e+00, 0.000000000000000e+00, 8.412683589499455e+00
19, 1.060395427929684e-02, 3.850463255790155e-02, 1.111481937560865e+00, 0.000000000000000e+00, 0.000000000000000e+00, 8.360001423931083e+00
20, 1.247705700020137e-02, 4.084183290323335e-02, 1.105414762117082e+00, 0.000000000000000e+00, 0.000000000000000e+00, 8.311675661207298e+00
21, 1.441267507229156e-02, 4.312754946354053e-02, 1.098420221324596e+00, 0.000000000000000e+00, 0.000000000000000e+00, 8.256401810294161e+00
22, 1.640444064476532e-02, 4.536452544049520e-02, 1.091950750525247e+00, 0.000000000000000e+00, 0.000000000000000e+00, 8.205195426339612e+00
23, 1.844696776519081e-02, 4.755526434279898e-02, 1.085986367840922e+00, 0.000000000000000e+00, 0.000000000000000e+00, 8.157888274479619e+00
24, 2.053566174536149e-02, 4.970204330425990e-02, 1.079724571106344e+00, 0.000000000000000e+00, 0.000000000000000e+00, 8.108408808787438e+00
25, 2.266656893476048e-02, 5.180693674191300e-02, 1.073515791325959e+00, 0.000000000000000e+00, 0.000000000000000e+00, 8.059248657698957e+00
26, 2.483626807205465e-02, 5.387183036613163e-02, 1.067835397897522e+00, 0.000000000000000e+00, 0.000000000000000e+00, 8.013967447602065e+00
27, 2.704179617720591e-02, 5.589841720336595e-02, 1.062515375802462e+00, 0.000000000000000e+00, 0.000000000000000e+00, 7.971696857771815e+00
28, 2.928053418107182e-02, 5.788825993402175e-02, 1.056503559599095e+00, 0.000000000000000e+00, 0.000000000000000e+00, 7.924556210208201e+00
29, 3.155019522297887e-02, 5.984276287067694e-02, 1.050687490531817e+00, 0.000000000000000e+00, 0.000000000000000e+00, 7.878859798598232e+00
30, 3.384874117743877e-02, 6.176321731796006e-02, 1.045965098754492e+00, 0.000000000000000e+00, 0.000000000000000e+00, 7.841381179362997e+00
31, 3.617436494273425e-02, 6.365079471750798e-02, 1.040723544936405e+00, 0.000000000000000e+00, 0.000000000000000e+00, 7.800054990985674e+00
32, 3.852544182199667e-02, 6.550657554347376e-02, 1.035656705586963e+00, 0.000000000000000e+00, 0.000000000000000e+00, 7.760000671682679e+00
33, 4.090052599579878e-02, 6.733153302460083e-02, 1.030432818524960e+00, 0.000000000000000e+00, 0.000000000000000e+00, 7.718837077927015e+00
34, 4.329829147803961e-02, 6.912658905961275e-02, 1.025653637088870e+00, 0.000000000000000e+00, 0.000000000000000e+00, 7.681077744355440e+00
35, 4.571755994313617e-02, 7.089255690254430e-02, 1.020937365261904e+00, 0.000000000000000e+00, 0.000000000000000e+00, 7.643858495279979e+00
36, 4.815724583385866e-02, 7.263021704406872e-02, 1.015849039488937e+00, 0.000000000000000e+00, 0.000000000000000e+00, 7.603892370631049e+00
37, 5.061635542205786e-02, 7.434027750613503e-02, 1.011219156270212e+00, 0.000000000000000e+00, 0.000000000000000e+00, 7.567392659929703e+00
38, 5.309399311340735e-02, 7.602338195429875e-02, 1.007070609178097e+00, 0.000000000000000e+00, 0.000000000000000e+00, 7.534644087360220e+00
39, 5.558932459370935e-02, 7.768014311036159e-02, 1.002615094803772e+00, 0.000000000000000e+00, 0.000000000000000e+00, 7.499908485862028e+00
40, 5.810157752983107e-02, 7.931113201693223e-02, 9.987523319686624e-01, 0.000000000000000e+00, 0.000000000000000e+00, 7.469364822808163e+00
41, 6.063004865020745e-02, 8.091686498650638e-02, 9.946498007476391e-01, 0.000000000000000e+00, 0.000000000000000e+00, 7.437066743875998e+00
42, 6.317408447928541e-02, 8.249782433762788e-02, 9.903898895443525e-01, 0.000000000000000e+00, 0.000000000000000e+00, 7.403620138757258e+00
43, 6.573307032035215e-02, 8.405446859978781e-02, 9.862947786598640e-01, 0.000000000000000e+00, 0.000000000000000e+00, 7.371122265772983e+00
44, 6.830643385855573e-02, 8.558722910275481e-02, 9.826030875417581e-01, 0.000000000000000e+00, 0.000000000000000e+00, 7.342017355773985e+00
45, 7.089364507179197e-02, 8.709649867206645e-02, 9.789322295529016e-01, 0.000000000000000e+00, 0.000000000000000e+00, 7.313438928281672e+00
46, 7.349420724207378e-02, 8.858264627349842e-02, 9.749806521218468e-01, 0.000000000000000e+00, 0.000000000000000e+00, 7.282672165538115e+00
47, 7.610765400689622e-02, 9.004601890649486e-02, 9.709522825283715e-01, 0.000000000000000e+00, 0.000000000000000e+00, 7.251240248356551e+00
48, 7.873354479752449e-02, 9.148694227896401e-02, 9.677630371937114e-01, 0.000000000000000e+00, 0.000000000000000e+00, 7.226299570390575e+00
49, 8.137146291050022e-02, 9.290572815706154e-02, 9.642505608217639e-01, 0.000000000000000e+00, 0.000000000000000e+00, 7.198978936815029e+00
50, 8.402101564885789e-02, 9.430266748990331e-02, 9.606248526594697e-01, 0.000000000000000e+00, 0.000000000000000e+00, 7.170211229571410e+00
51, 8.668183165291847e-02, 9.567803102141162e-02, 9.574033376620714e-01, 0.000000000000000e+00, 0.000000000000000e+00, 7.144839204115375e+00
52, 8.935356073575855e-02, 9.703207558238786e-02, 9.538522741035637e-01, 0.000000000000000e+00, 0.000000000000000e+00, 7.117301233431234e+00
53, 9.203586736250702e-02, 9.836504256950725e-02, 9.505394470656694e-01, 0.000000000000000e+00, 0.000000000000000e+00, 7.091496129799548e+00
54, 9.472843434056688e-02, 9.967716148851180e-02, 9.473441143239906e-01, 0.000000000000000e+00, 0.000000000000000e+00, 7.066581579132801e+00
55, 9.743095805886753e-02, 1.009686490674195e-01, 9.442745751943150e-01, 0.000000000000000e+00, 0.000000000000000e+00, 7.042572455942844e+00
56, 1.001431487142573e-01, 1.022397107612981e-01, 9.413186695226274e-01, 0.000000000000000e+00, 0.000000000000000e+00, 7.019464052438349e+00
57, 1.028647293412158e-01, 1.034905415269329e-01, 9.383310671379387e-01, 0.000000000000000e+00, 0.000000000000000e+00, 6.996133957051910e+00
58, 1.055954336613576e-01, 1.047213259708922e-01, 9.353345552977345e-01, 0.000000000000000e+00, 0.000000000000000e+00, 6.972602888019225e+00
59, 1.083350076439191e-01, 1.059322400984067e-01, 9.325722982374443e-01, 0.000000000000000e+00, 0.000000000000000e+00, 6.951050718642897e+00
60, 1.110832067215114e-01, 1.071234509942218e-01, 9.295475272507298e-01, 0.000000000000000e+00, 0.000000000000000e+00, 6.927695231571348e+00
61, 1.138397945713968e-01, 1.082951171956910e-01, 9.267342016792495e-01, 0.000000000000000e+00, 0.000000000000000e+00, 6.905742109412761e+00
62, 1.166045454643667e-01, 1.094473904984750e-01, 9.239821544788391e-01, 0.000000000000000e+00, 0.000000000000000e+00, 6.884319934095264e+00
63, 1.193772405864387e-01, 1.105804151188351e-01, 9.211993264747377e-01, 0.000000000000000e+00, 0.000000000000000e+00, 6.862913505951931e+00
64, 1.221576683610548e-01, 1.116943285414322e-01, 9.185370385699098e-01, 0.000000000000000e+00, 0.000000000000000e+00, 6.842298439218710e+00
65, 1.249456251874948e-01, 1.127892624386586e-01, 9.160612574315343e-01, 0.000000000000000e+00, 0.000000000000000e+00, 6.823016687365370e+00
66, 1.277409135437126e-01, 1.138653424844624e-01, 9.137656535140667e-01, 0.000000000000000e+00, 0.000000000000000e+00, 6.805116653567802e+00
67, 1.305433417138562e-01, 1.149226888027074e-01, 9.113034242497391e-01, 0.000000000000000e+00, 0.000000000000000e+00, 6.785993441916134e+00
68, 1.333527238889060e-01, 1.159614165083228e-01, 9.088951199445523e-01, 0.000000000000000e+00, 0.000000000000000e+00, 6.767304889170623e+00
69, 1.361688803911903e-01, 1.169816362373436e-01, 9.065396267820081e-01, 0.000000000000000e+00, 0.000000000000000e+00, 6.749041546702189e+00
70, 1.389916357867557e-01, 1.179834538790498e-01, 9.041839682286145e-01, 0.000000000000000e+00, 0.000000000000000e+00, 6.730731926426993e+00
71, 1.418208193702552e-01, 1.189669711646232e-01, 9.021000373787132e-01, 0.000000000000000e+00, 0.000000000000000e+00, 6.714575611647266e+00
72, 1.446562657244281e-01, 1.199322862198497e-01, 9.001670623882596e-01, 0.000000000000000e+00, 0.000000000000000e+00, 6.699631095446827e+00
73, 1.474978120861146e-01, 1.208794930046544e-01, 8.980835497161651e-01, 0.000000000000000e+00, 0.000000000000000e+00, 6.683518400077253e+00
74, 1.503453010089608e-01, 1.218086825405948e-01, 8.958805698164338e-01, 0.000000000000000e+00, 0.000000000000000e+00, 6.666481345203376e+00
75, 1.531985786308991e-01, 1.227199426066749e-01, 8.938753596230421e-01, 0.000000000000000e+00, 0.000000000000000e+00, 6.650985742694225e+00
76, 1.560574942738428e-01, 1.236133578908968e-01, 8.918883714035694e-01, 0.000000000000000e+00, 0.000000000000000e+00, 6.635618317096886e+00
77, 1.589219005555584e-01, 1.244890099863470e-01, 8.899492464093485e-01, 0.000000000000000e+00, 0.000000000000000e+00, 6.620466715206678e+00
78, 1.617916540355675e-01, 1.253469741681999e-01, 8.879935531542938e-01, 0.000000000000000e+00, 0.000000000000000e+00, 6.605397053059867e+00
79, 1.646666150428006e-01, 1.261873257892196e-01, 8.861056142670614e-01, 0.000000000000000e+00, 0.000000000000000e+00, 6.590842904525918e+00
80, 1.675466443205579e-01, 1.270101384350712e-01, 8.843966639522901e-01, 0.000000000000000e+00, 0.000000000000000e+00, 6.577574928005338e+00
81, 1.704316066663402e-01, 1.278154839888637e-01, 8.826356671169292e-01, 0.000000000000000e+00, 0.000000000000000e+00, 6.564139972894695e+00
82, 1.733213692706381e-01, 1.286034323146266e-01, 8.807909470488807e-01, 0.000000000000000e+00, 0.000000000000000e+00, 6.550025992995812e+00
83, 1.762158014329331e-01, 1.293740513502722e-01, 8.793257339131156e-01, 0.000000000000000e+00, 0.000000000000000e+00, 6.538684321604448e+00
84, 1.791147746420473e-01, 1.301274072881349e-01, 8.776378897779662e-01, 0.000000000000000e+00, 0.000000000000000e+00, 6.525655656962869e+00
85, 1.820181631464300e-01, 1.308635648592956e-01, 8.762453133809653e-01, 0.000000000000000e+00, 0.000000000000000e+00, 6.514942072239713e+00
86, 1.849258431612949e-01, 1.315825830775791e-01, 8.748120961670965e-01, 0.000000000000000e+00, 0.000000000000000e+00, 6.503996111225064e+00
87, 1.878376949060841e-01, 1.322845176634984e-01, 8.734542982851652e-01, 0.000000000000000e+00, 0.000000000000000e+00, 6.493664587508510e+00
88, 1.907535978468993e-01, 1.329694282821071e-01, 8.721629791107625e-01, 0.000000000000000e+00, 0.000000000000000e+00, 6.483763549656683e+00
89, 1.936734335813876e-01, 1.336373735586567e-01, 8.708597028527513e-01, 0.000000000000000e+00, 0.000000000000000e+00, 6.473758646356212e+00
90, 1.965970861160553e-01, 1.342884111660043e-01, 8.695292584116602e-01, 0.000000000000000e+00, 0.000000000000000e+00, 6.463590503086313e+00
91, 1.995244400096981e-01, 1.349225974912876e-01, 8.682285201861099e-01, 0.000000000000000e+00, 0.000000000000000e+00, 6.453675192056122e+00
92, 2.024553820832764e-01, 1.355399876410675e-01, 8.669927517441256e-01, 0.000000000000000e+00, 0.000000000000000e+00, 6.444248333390402e+00
93, 2.053898028405280e-01, 1.361406271086831e-01, 8.657985096645417e-01, 0.000000000000000e+00, 0.000000000000000e+00, 6.435161496799226e+00
94, 2.083275926719078e-01, 1.367245657007590e-01, 8.646658413518142e-01, 0.000000000000000e+00, 0.000000000000000e+00, 6.426560066091458e+00
95, 2.112686427206197e-01, 1.372918560891137e-01, 8.635687560449652e-01, 0.000000000000000e+00, 0.000000000000000e+00, 6.418254893395665e+00
96, 2.142128456644310e-01, 1.378425502843920e-01, 8.626354095479306e-01, 0.000000000000000e+00, 0.000000000000000e+00, 6.411191454591362e+00
97, 2.171600947731698e-01, 1.383766995064003e-01, 8.617857071828410e-01, 0.000000000000000e+00, 0.000000000000000e+00, 6.404794002153023e+00
98, 2.201102862229847e-01, 1.388943527238311e-01, 8.609067894469261e-01, 0.000000000000000e+00, 0.000000000000000e+00, 6.398235451732684e+00
99, 2.230633181752657e-01, 1.393955480984756e-01, 8.600959324230438e-01, 0.000000000000000e+00, 0.000000000000000e+00, 6.392153209038265e+00
100, 2.260190887415805e-01, 1.398803330672435e-01, 8.591659682818715e-01, 0.000000000000000e+00, 0.000000000000000e+00, 6.385199833523188e+00
101, 2.289774958840249e-01, 1.403487565482170e-01, 8.583341705219097e-01, 0.000000000000000e+00, 0.000000000000000e+00, 6.378995809648317e+00
102, 2.319384401127229e-01, 1.408008672444357e-01, 8.576215731079078e-01, 0.000000000000000e+00, 0.000000000000000e+00, 6.373707075121859e+00
103, 2.349018222849036e-01, 1.412367127564770e-01, 8.568226188396363e-01, 0.000000000000000e+00, 0.000000000000000e+00, 6.367768361401804e+00
104, 2.378675463355546e-01, 1.416563287199044e-01, 8.560314852896005e-01, 0.000000000000000e+00, 0.000000000000000e+00, 6.361928460712177e+00
105, 2.408355152358141e-01, 1.420597575091137e-01, 8.553450364273363e-01, 0.000000000000000e+00, 0.000000000000000e+00, 6.356901909137100e+00
106, 2.438056335895893e-01, 1.424470464652499e-01, 8.547671619611739e-01, 0.000000000000000e+00, 0.000000000000000e+00, 6.352691496913259e+00
107, 2.467778060390341e-01, 1.428182424814214e-01, 8.541862896584642e-01, 0.000000000000000e+00, 0.000000000000000e+00, 6.348470613399266e+00
108, 2.497519387653590e-01, 1.431733908448988e-01, 8.536775102217536e-01, 0.000000000000000e+00, 0.000000000000000e+00, 6.344780879057647e+00
109, 2.527279404853154e-01, 1.435125239642250e-01, 8.531901875495322e-01, 0.000000000000000e+00, 0.000000000000000e+00, 6.341255053569200e+00
110, 2.557057185691932e-01, 1.438356844854078e-01, 8.527983800921021e-01, 0.000000000000000e+00, 0.000000000000000e+00, 6.338449365566317e+00
111, 2.586851821247729e-01, 1.441429187522421e-01, 8.523429688436843e-01, 0.000000000000000e+00, 0.000000000000000e+00, 6.335180098740254e+00
112, 2.616662405326003e-01, 1.444342727765697e-01, 8.519730072927242e-01, 0.000000000000000e+00, 0.000000000000000e+00, 6.332563794521102e+00
113, 2.646488048303997e-01, 1.447097862967104e-01, 8.516481187541711e-01, 0.000000000000000e+00, 0.000000000000000e+00, 6.330299715274604e+00
114, 2.676327869344189e-01, 1.449694917448604e-01, 8.513835599417927e-01, 0.000000000000000e+00, 0.000000000000000e+00, 6.328513418718996e+00
115, 2.706180992634553e-01, 1.452134347314379e-01, 8.511743199560575e-01, 0.000000000000000e+00, 0.000000000000000e+00, 6.327134449964271e+00
116, 2.736046539230199e-01, 1.454416610482084e-01, 8.509505357307973e-01, 0.000000000000000e+00, 0.000000000000000e+00, 6.325658292020431e+00
117, 2.765923650932324e-01, 1.456542147257165e-01, 8.507953863137643e-01, 0.000000000000000e+00, 0.000000000000000e+00, 6.324694462392105e+00
118, 2.795811480985710e-01, 1.458511262769087e-01, 8.505943039320266e-01, 0.000000000000000e+00, 0.000000000000000e+00, 6.323378947534776e+00
119, 2.825709177464480e-01, 1.460324380281817e-01, 8.504109297441104e-01, 0.000000000000000e+00, 0.000000000000000e+00, 6.322200089524882e+00
120, 2.855615902146413e-01, 1.461981959644771e-01, 8.503117385825550e-01, 0.000000000000000e+00, 0.000000000000000e+00, 6.321680163367007e+00
121, 2.885530818490482e-01, 1.463484454153179e-01, 8.502885876250297e-01, 0.000000000000000e+00, 0.000000000000000e+00, 6.321755033987321e+00
122, 2.915453108040515e-01, 1.464832186764807e-01, 8.502995340969485e-01, 0.000000000000000e+00, 0.000000000000000e+00, 6.322097198166330e+00
123, 2.945381951302428e-01, 1.466025552142771e-01, 8.503450945152525e-01, 0.000000000000000e+00, 0.000000000000000e+00, 6.322685293241450e+00
124, 2.975316534685865e-01, 1.467065013078196e-01, 8.503895423556217e-01, 0.000000000000000e+00, 0.000000000000000e+00, 6.323267813877862e+00
125, 3.005256054195857e-01, 1.467951028064421e-01, 8.504292095308116e-01, 0.000000000000000e+00, 0.000000000000000e+00, 6.323847183442775e+00
126, 3.035199712181421e-01, 1.468683933785967e-01, 8.504863303470526e-01, 0.000000000000000e+00, 0.000000000000000e+00, 6.324560670728973e+00
127, 3.065146719662254e-01, 1.469264117873045e-01, 8.505898204115319e-01, 0.000000000000000e+00, 0.000000000000000e+00, 6.325617489831851e+00
128, 3.095096287838834e-01, 1.469692047458676e-01, 8.507030390939122e-01, 0.000000000000000e+00, 0.000000000000000e+00, 6.326769563783477e+00
129, 3.125047641536217e-01, 1.469968183552592e-01, 8.508315564755169e-01, 0.000000000000000e+00, 0.000000000000000e+00, 6.328040112629905e+00
130, 3.155000009015763e-01, 1.470092863277733e-01, 8.510004400006308e-01, 0.000000000000000e+00, 0.000000000000000e+00, 6.329616624065691e+00
131, 3.184952626032670e-01, 1.470066073222083e-01, 8.511477899260564e-01, 0.000000000000000e+00, 0.000000000000000e+00, 6.331047648698237e+00
132, 3.214904722782339e-01, 1.469888225301873e-01, 8.513252053218500e-01, 0.000000000000000e+00, 0.000000000000000e+00, 6.332660401673657e+00
133, 3.244855525818479e-01, 1.469556459041487e-01, 8.515975177011185e-01, 0.000000000000000e+00, 0.000000000000000e+00, 6.334919711681881e+00
134, 3.274805080384786e-01, 1.469126425196736e-01, 8.518706512694795e-01, 0.000000000000000e+00, 0.000000000000000e+00, 6.337195658017355e+00
135, 3.304753465221837e-01, 1.468620913361415e-01, 8.521994492497689e-01, 0.000000000000000e+00, 0.000000000000000e+00, 6.339904908876870e+00
136, 3.334700614937157e-01, 1.468046798719720e-01, 8.525285391747008e-01, 0.000000000000000e+00, 0.000000000000000e+00, 6.342629563030866e+00
137, 3.364646347557687e-01, 1.467402985485822e-01, 8.528753741423974e-01, 0.000000000000000e+00, 0.000000000000000e+00, 6.345492032377158e+00
138, 3.394590510619211e-01, 1.466689967132161e-01, 8.532272429573083e-01, 0.000000000000000e+00, 0.000000000000000e+00, 6.348392859794849e+00
139, 3.424532960584272e-01, 1.465908235009734e-01, 8.535962898479407e-01, 0.000000000000000e+00, 0.000000000000000e+00, 6.351430359726911e+00
140, 3.454473550976828e-01, 1.465058268932714e-01, 8.539530960386338e-01, 0.000000000000000e+00, 0.000000000000000e+00, 6.354383134618389e+00
141, 3.484412139948684e-01, 1.464140539149757e-01, 8.543147822319687e-01, 0.000000000000000e+00, 0.000000000000000e+00, 6.357349767203924e+00
142, 3.514348591748453e-01, 1.463155507170303e-01, 8.546943986765609e-01, 0.000000000000000e+00, 0.000000000000000e+00, 6.360410186121516e+00
143, 3.544282768366269e-01, 1.462103632528483e-01, 8.550652424448911e-01, 0.000000000000000e+00, 0.000000000000000e+00, 6.363373573653104e+00
144, 3.574214538933041e-01, 1.460985371054857e-01, 8.554794244045461e-01, 0.000000000000000e+00, 0.000000000000000e+00, 6.366662639541079e+00
145, 3.604143772005489e-01, 1.459801164401301e-01, 8.558875745660911e-01, 0.000000000000000e+00, 0.000000000000000e+00, 6.369917202416365e+00
146, 3.634070343518966e-01, 1.458551445896497e-01, 8.562297874658018e-01, 0.000000000000000e+00, 0.000000000000000e+00, 6.372682980226792e+00
147, 3.663994123931309e-01, 1.457236643465813e-01, 8.565942984161459e-01, 0.000000000000000e+00, 0.000000000000000e+00, 6.375556289016219e+00
148, 3.693914995507893e-01, 1.455857190563351e-01, 8.570390858475091e-01, 0.000000000000000e+00, 0.000000000000000e+00, 6.378983604920103e+00
149, 3.723832837108938e-01, 1.454413504582482e-01, 8.574377068400850e-01, 0.000000000000000e+00, 0.000000000000000e+00, 6.382082087329983e+00
150, 3.753747529095738e-01, 1.452905993105334e-01, 8.578304195233825e-01, 0.000000000000000e+00, 0.000000000000000e+00, 6.385149311697777e+00
151, 3.783658958096451e-01, 1.451335056244569e-01, 8.582280331272852e-01, 0.000000000000000e+00, 0.000000000000000e+00, 6.388258556139343e+00
152, 3.813567011389498e-01, 1.449701102437079e-01, 8.586371037460285e-01, 0.000000000000000e+00, 0.000000000000000e+00, 6.391436170895939e+00
153, 3.843471576733939e-01, 1.448004530098406e-01, 8.590539342979346e-01, 0.000000000000000e+00, 0.000000000000000e+00, 6.394644440041547e+00
154, 3.873372546615252e-01, 1.446245722508738e-01, 8.594624322513196e-01, 0.000000000000000e+00, 0.000000000000000e+00, 6.397768278468710e+00
155, 3.903269814936947e-01, 1.444425055823572e-01, 8.598625792310234e-01, 0.000000000000000e+00, 0.000000000000000e+00, 6.400829816627041e+00
156, 3.933163275075829e-01, 1.442542911775449e-01, 8.602423048760958e-01, 0.000000000000000e+00, 0.000000000000000e+00, 6.403752297818165e+00
157, 3.963052826726238e-01, 1.440599673206960e-01, 8.606425941246865e-01, 0.000000000000000e+00, 0.000000000000000e+00, 6.406796988161570e+00
158, 3.992938366920202e-01, 1.438595701204811e-01, 8.610760061510402e-01, 0.000000000000000e+00, 0.000000000000000e+00, 6.410064491942763e+00
159, 4.022819798261340e-01, 1.436531349705523e-01, 8.615193359249242e-01, 0.000000000000000e+00, 0.000000000000000e+00, 6.413424710535807e+00
160, 4.052697022561875e-01, 1.434406975872546e-01, 8.619178980757745e-01, 0.000000000000000e+00, 0.000000000000000e+00, 6.416467102847502e+00
161, 4.082569944236049e-01, 1.432222947291485e-01, 8.623327569025110e-01, 0.000000000000000e+00, 0.000000000000000e+00, 6.419573330196510e+00
162, 4.112438470626977e-01, 1.429979604691601e-01, 8.627844197771919e-01, 0.000000000000000e+00, 0.000000000000000e+00, 6.422942116256579e+00
163, 4.142302508827944e-01, 1.427677281427900e-01, 8.631821199991694e-01, 0.000000000000000e+00, 0.000000000000000e+00, 6.425909507337666e+00
164, 4.172161968210348e-01, 1.425316312827647e-01, 8.636350158003001e-01, 0.000000000000000e+00, 0.000000000000000e+00, 6.429271970619598e+00
165, 4.202016761309435e-01, 1.422897050791315e-01, 8.640627385064261e-01, 0.000000000000000e+00, 0.000000000000000e+00, 6.432465835828186e+00
166, 4.231866799307736e-01, 1.420419817706440e-01, 8.644563517213143e-01, 0.000000000000000e+00, 0.000000000000000e+00, 6.435402276147043e+00
167, 4.261711996397696e-01, 1.417884927370223e-01, 8.648893679061702e-01, 0.000000000000000e+00, 0.000000000000000e+00, 6.438608753334202e+00
168, 4.291552268485667e-01, 1.415292695688335e-01, 8.653038487593824e-01, 0.000000000000000e+00, 0.000000000000000e+00, 6.441672742875484e+00
169, 4.321387533725421e-01, 1.412643459471071e-01, 8.657310760404070e-01, 0.000000000000000e+00, 0.000000000000000e+00, 6.444827760245107e+00
170, 4.351217709246006e-01, 1.409937523414576e-01, 8.661560369310655e-01, 0.000000000000000e+00, 0.000000000000000e+00, 6.447958104647419e+00
171, 4.381042715748426e-01, 1.407175182867815e-01, 8.665841837436293e-01, 0.000000000000000e+00, 0.000000000000000e+00, 6.451098928682612e+00
172, 4.410862471276993e-01, 1.404356736901047e-01, 8.670137899591617e-01, 0.000000000000000e+00, 0.000000000000000e+00, 6.454235954917287e+00
173, 4.440676902795418e-01, 1.401482507549801e-01, 8.674491169608453e-01, 0.000000000000000e+00, 0.000000000000000e+00, 6.457400735777599e+00
174, 4.470485931575441e-01, 1.398552782321731e-01, 8.678861577037706e-01, 0.000000000000000e+00, 0.000000000000000e+00, 6.460565912386294e+00
175, 4.500289481905737e-01, 1.395567839377552e-01, 8.683129314924376e-01, 0.000000000000000e+00, 0.000000000000000e+00, 6.463645168642448e+00
176, 4.530087479879201e-01, 1.392527962605677e-01, 8.687385552124379e-01, 0.000000000000000e+00, 0.000000000000000e+00, 6.466710270103775e+00
177, 4.559879854040371e-01, 1.389433460342394e-01, 8.691397057345021e-01, 0.000000000000000e+00, 0.000000000000000e+00, 6.469583745938114e+00
178, 4.589666532180871e-01, 1.386284602863688e-01, 8.695692462182406e-01, 0.000000000000000e+00, 0.000000000000000e+00, 6.472659132638264e+00
179, 4.619447442499293e-01, 1.383081652026154e-01, 8.699983442351384e-01, 0.000000000000000e+00, 0.000000000000000e+00, 6.475725001543557e+00
180, 4.649222515283245e-01, 1.379824879261581e-01, 8.704449327011735e-01, 0.000000000000000e+00, 0.000000000000000e+00, 6.478915810400746e+00
181, 4.678991684504712e-01, 1.376514578660820e-01, 8.708785150234479e-01, 0.000000000000000e+00, 0.000000000000000e+00, 6.482002949004186e+00
182, 4.708754881463291e-01, 1.373151003868607e-01, 8.712891046253941e-01, 0.000000000000000e+00, 0.000000000000000e+00, 6.484912292525641e+00
183, 4.738512037694978e-01, 1.369734401348756e-01, 8.717314976128607e-01, 0.000000000000000e+00, 0.000000000000000e+00, 6.488053835340074e+00
184, 4.768263088152664e-01, 1.366265032594573e-01, 8.721494954528449e-01, 0.000000000000000e+00, 0.000000000000000e+00, 6.491005111965602e+00
185, 4.798007970985921e-01, 1.362743176629185e-01, 8.725523469216142e-01, 0.000000000000000e+00, 0.000000000000000e+00, 6.493839893824822e+00
186, 4.827746620891892e-01, 1.359169071096664e-01, 8.730056409363403e-01, 0.000000000000000e+00, 0.000000000000000e+00, 6.497043903075796e+00
187, 4.857478973001681e-01, 1.355542947826074e-01, 8.734608901807139e-01, 0.000000000000000e+00, 0.000000000000000e+00, 6.500248726346120e+00
188, 4.887204966443613e-01, 1.351865061168979e-01, 8.738907075024438e-01, 0.000000000000000e+00, 0.000000000000000e+00, 6.503256501673496e+00
189, 4.916924542522306e-01, 1.348135673444701e-01, 8.743124466198811e-01, 0.000000000000000e+00, 0.000000000000000e+00, 6.506200040537759e+00
190, 4.946637639013008e-01, 1.344355007351604e-01, 8.747431836693071e-01, 0.000000000000000e+00, 0.000000000000000e+00, 6.509206684274069e+00
191, 4.976344194111085e-01, 1.340523280934177e-01, 8.751585959093591e-01, 0.000000000000000e+00, 0.000000000000000e+00, 6.512091383429297e+00
192, 5.006044151157840e-01, 1.336640744046596e-01, 8.755816943912383e-01, 0.000000000000000e+00, 0.000000000000000e+00, 6.515033503933840e+00
193, 5.035737454026342e-01, 1.332707640134143e-01, 8.759993595668550e-01, 0.000000000000000e+00, 0.000000000000000e+00, 6.517936803698021e+00
194, 5.065424043023029e-01, 1.328724178380430e-01, 8.764392988359321e-01, 0.000000000000000e+00, 0.000000000000000e+00, 6.521002131407844e+00
195, 5.095103859440567e-01, 1.324690564555830e-01, 8.768491366288111e-01, 0.000000000000000e+00, 0.000000000000000e+00, 6.523837950616960e+00
196, 5.124776850514959e-01, 1.320607044227141e-01, 8.772664855585354e-01, 0.000000000000000e+00, 0.000000000000000e+00, 6.526722407654285e+00
197, 5.154442962134766e-01, 1.316473841818833e-01, 8.776731859516826e-01, 0.000000000000000e+00, 0.000000000000000e+00, 6.529542533585754e+00
198, 5.184102137179554e-01, 1.312291153867195e-01, 8.781357060608572e-01, 0.000000000000000e+00, 0.000000000000000e+00, 6.532770219017419e+00
199, 5.213754319424118e-01, 1.308059175766985e-01, 8.785650088718114e-01, 0.000000000000000e+00, 0.000000000000000e+00, 6.535716008912503e+00
200, 5.243399459693759e-01, 1.303778147548862e-01, 8.789431759658486e-01, 0.000000000000000e+00, 0.000000000000000e+00, 6.538313048958363e+00
201, 5.273037505459451e-01, 1.299448275671011e-01, 8.793457519923636e-01, 0.000000000000000e+00, 0.000000000000000e+00, 6.541121457905053e+00
202, 5.302668401772402e-01, 1.295069744708416e-01, 8.797726320837831e-01, 0.000000000000000e+00, 0.000000000000000e+00, 6.544084603491039e+00
203, 5.332292094949719e-01, 1.290642741342349e-01, 8.802206196789545e-01, 0.000000000000000e+00, 0.000000000000000e+00, 6.547180359755453e+00
204, 5.361908538853686e-01, 1.286167498436442e-01, 8.806519504433939e-01, 0.000000000000000e+00, 0.000000000000000e+00, 6.550141597110369e+00
205, 5.391517682314356e-01, 1.281644205939698e-01, 8.811063272176968e-01, 0.000000000000000e+00, 0.000000000000000e+00, 6.553259158939187e+00
206, 5.421119472279604e-01, 1.277073037104381e-01, 8.815115204434407e-01, 0.000000000000000e+00, 0.000000000000000e+00, 6.556007531653520e+00
207, 5.450713857472221e-01, 1.272454171179839e-01, 8.819228628069742e-01, 0.000000000000000e+00, 0.000000000000000e+00, 6.558801602995322e+00
208, 5.480300794274359e-01, 1.267787832278078e-01, 8.823097402060763e-01, 0.000000000000000e+00, 0.000000000000000e+00, 6.561430060718288e+00
209, 5.509880232668309e-01, 1.263074195531379e-01, 8.827041872942805e-01, 0.000000000000000e+00, 0.000000000000000e+00, 6.564124124434083e+00
210, 5.539452121767783e-01, 1.258313423391595e-01, 8.831491621344681e-01, 0.000000000000000e+00, 0.000000000000000e+00, 6.567156069828006e+00
211, 5.569016412064535e-01, 1.253505688392730e-01, 8.835787136861907e-01, 0.000000000000000e+00, 0.000000000000000e+00, 6.570036840624364e+00
212, 5.598573061884258e-01, 1.248651204808128e-01, 8.840007245765314e-01, 0.000000000000000e+00, 0.000000000000000e+00, 6.572853933932782e+00
213, 5.628122022061972e-01, 1.243750134711506e-01, 8.844093152542637e-01, 0.000000000000000e+00, 0.000000000000000e+00, 6.575581497519331e+00
214, 5.657663243967188e-01, 1.238802630269746e-01, 8.848127757302261e-01, 0.000000000000000e+00, 0.000000000000000e+00, 6.578286217804843e+00
215, 5.687196679318232e-01, 1.233808857201052e-01, 8.852262334362300e-01, 0.000000000000000e+00, 0.000000000000000e+00, 6.581063958465164e+00
216, 5.716722288146129e-01, 1.228769019599206e-01, 8.856360803941067e-01, 0.000000000000000e+00, 0.000000000000000e+00, 6.583810435971808e+00
217, 5.746240024009430e-01, 1.223683267777031e-01, 8.860478405794695e-01, 0.000000000000000e+00, 0.000000000000000e+00, 6.586578486817367e+00
218, 5.775749836049163e-01, 1.218551744886693e-01, 8.864513966588905e-01, 0.000000000000000e+00, 0.000000000000000e+00, 6.589286585795334e+00
219, 5.805251681208745e-01, 1.213374608090891e-01, 8.868442994233888e-01, 0.000000000000000e+00, 0.000000000000000e+00, 6.591910901421652e+00
220, 5.834745519019638e-01, 1.208152052182589e-01, 8.872253105902346e-01, 0.000000000000000e+00, 0.000000000000000e+00, 6.594445514052332e+00
221, 5.864231303293685e-01, 1.202884217632240e-01, 8.876263428006604e-01, 0.000000000000000e+00, 0.000000000000000e+00, 6.597113855739120e+00
222, 5.893708987307230e-01, 1.197571237957344e-01, 8.880358366290705e-01, 0.000000000000000e+00, 0.000000000000000e+00, 6.599820988410372e+00
223, 5.923178525320585e-01, 1.192213261370021e-01, 8.884377823237207e-01, 0.000000000000000e+00, 0.000000000000000e+00, 6.602468566862389e+00
224, 5.952639880509851e-01, 1.186810473747284e-01, 8.888446152652433e-01, 0.000000000000000e+00, 0.000000000000000e+00, 6.605153515589189e+00
225, 5.982093007215816e-01, 1.181363007179961e-01, 8.892392485698412e-01, 0.000000000000000e+00, 0.000000000000000e+00, 6.607748514286528e+00
226, 6.011537858822052e-01, 1.175870986706519e-01, 8.896330890579689e-01, 0.000000000000000e+00, 0.000000000000000e+00, 6.610337286953345e+00
227, 6.040974391329804e-01, 1.170334548714865e-01, 8.900226953277564e-01, 0.000000000000000e+00, 0.000000000000000e+00, 6.612884323191196e+00
228, 6.070402568962163e-01, 1.164753871583416e-01, 8.903989962963397e-01, 0.000000000000000e+00, 0.000000000000000e+00, 6.615348747761714e+00
229, 6.099822346627650e-01, 1.159129080910980e-01, 8.907739712915050e-01, 0.000000000000000e+00, 0.000000000000000e+00, 6.617820350396017e+00
230, 6.129233677901437e-01, 1.153460293665854e-01, 8.911519378408315e-01, 0.000000000000000e+00, 0.000000000000000e+00, 6.620309689622943e+00
231, 6.158636519490865e-01, 1.147747632899804e-01, 8.915403768794814e-01, 0.000000000000000e+00, 0.000000000000000e+00, 6.622841049564984e+00
232, 6.188030836728415e-01, 1.141991268903686e-01, 8.919095679261254e-01, 0.000000000000000e+00, 0.000000000000000e+00, 6.625241229133581e+00
233, 6.217416584731172e-01, 1.136191323807962e-01, 8.922917060746670e-01, 0.000000000000000e+00, 0.000000000000000e+00, 6.627749985508803e+00
234, 6.246793720077708e-01, 1.130347906341562e-01, 8.926708302803696e-01, 0.000000000000000e+00, 0.000000000000000e+00, 6.630220745963202e+00
235, 6.276162197022003e-01, 1.124461126684130e-01, 8.930373420248122e-01, 0.000000000000000e+00, 0.000000000000000e+00, 6.632598920434696e+00
236, 6.305521980057098e-01, 1.118531143089043e-01, 8.933903647335141e-01, 0.000000000000000e+00, 0.000000000000000e+00, 6.634882167241611e+00
237, 6.334873028784074e-01, 1.112558078446632e-01, 8.937676898684955e-01, 0.000000000000000e+00, 0.000000000000000e+00, 6.637326061002015e+00
238, 6.364215298639799e-01, 1.106542034409749e-01, 8.941662769326074e-01, 0.000000000000000e+00, 0.000000000000000e+00, 6.639883868221287e+00
239, 6.393548743786771e-01, 1.100483110898360e-01, 8.945559651690898e-01, 0.000000000000000e+00, 0.000000000000000e+00, 6.642333069539561e+00
240, 6.422873329370474e-01, 1.094381442467402e-01, 8.948931636014560e-01, 0.000000000000000e+00, 0.000000000000000e+00, 6.644456847049049e+00
241, 6.452189014702123e-01, 1.088237162516669e-01, 8.952721398431047e-01, 0.000000000000000e+00, 0.000000000000000e+00, 6.646891688157971e+00
242, 6.481495756018628e-01, 1.082050365556042e-01, 8.956291170780825e-01, 0.000000000000000e+00, 0.000000000000000e+00, 6.649161073077954e+00
243, 6.510793510794551e-01, 1.075821143975049e-01, 8.959930021108743e-01, 0.000000000000000e+00, 0.000000000000000e+00, 6.651500186901504e+00
244, 6.540082234846785e-01, 1.069549603306523e-01, 8.963758912142042e-01, 0.000000000000000e+00, 0.000000000000000e+00, 6.653918550542172e+00
245, 6.569361894657652e-01, 1.063235885143323e-01, 8.967005410130899e-01, 0.000000000000000e+00, 0.000000000000000e+00, 6.655960288755035e+00
246, 6.598632449873836e-01, 1.056880081706794e-01, 8.970495209879361e-01, 0.000000000000000e+00, 0.000000000000000e+00, 6.658215526633092e+00
247, 6.627893853230241e-01, 1.050482279836268e-01, 8.974018513972597e-01, 0.000000000000000e+00, 0.000000000000000e+00, 6.660445281549013e+00
248, 6.657146060315586e-01, 1.044042564645117e-01, 8.977530849814869e-01, 0.000000000000000e+00, 0.000000000000000e+00, 6.662650763318474e+00
249, 6.686389038469128e-01, 1.037561059784198e-01, 8.981341112764682e-01, 0.000000000000000e+00, 0.000000000000000e+00, 6.665054035115215e+00
250, 6.715622746017686e-01, 1.031037873470689e-01, 8.984871684182750e-01, 0.000000000000000e+00, 0.000000000000000e+00, 6.667256761802111e+00
251, 6.744847138475603e-01, 1.024473085609432e-01, 8.988060088943474e-01, 0.000000000000000e+00, 0.000000000000000e+00, 6.669284610039814e+00
252, 6.774062173145889e-01, 1.017866774165740e-01, 8.991136031812962e-01, 0.000000000000000e+00, 0.000000000000000e+00, 6.671265628417819e+00
253, 6.803267807051748e-01, 1.011219023023249e-01, 8.994509128464118e-01, 0.000000000000000e+00, 0.000000000000000e+00, 6.673432905201572e+00
254, 6.832464005173048e-01, 1.004529955873545e-01, 8.997824328503128e-01, 0.000000000000000e+00, 0.000000000000000e+00, 6.675523430094908e+00
255, 6.861650725409324e-01, 9.977996555244391e-02, 9.001156098951322e-01, 0.000000000000000e+00, 0.000000000000000e+00, 6.677628239022035e+00
256, 6.890827922445749e-01, 9.910281944868027e-02, 9.004492424299693e-01, 0.000000000000000e+00, 0.000000000000000e+00, 6.679735099834548e+00
257, 6.919995556044196e-01, 9.842156427115623e-02, 9.008001261108221e-01, 0.000000000000000e+00, 0.000000000000000e+00, 6.681940020374919e+00
258, 6.949153577375676e-01, 9.773620828735813e-02, 9.011368737831335e-01, 0.000000000000000e+00, 0.000000000000000e+00, 6.684022320114777e+00
259, 6.978301959003241e-01, 9.704676252487440e-02, 9.014632517330573e-01, 0.000000000000000e+00, 0.000000000000000e+00, 6.686036480610237e+00
260, 7.007440652530954e-01, 9.635323417210177e-02, 9.017872553484508e-01, 0.000000000000000e+00, 0.000000000000000e+00, 6.688038886074803e+00
261, 7.036569613849802e-01, 9.565562973044574e-02, 9.021116522711473e-01, 0.000000000000000e+00, 0.000000000000000e+00, 6.690045314588350e+00
262, 7.065688797441315e-01, 9.495395561068980e-02, 9.024354431129470e-01, 0.000000000000000e+00, 0.000000000000000e+00, 6.692050893411463e+00
263, 7.094798165039121e-01, 9.424821872402515e-02, 9.027584282539602e-01, 0.000000000000000e+00, 0.000000000000000e+00, 6.694050613001205e+00
264, 7.123897674202232e-01, 9.353842942928106e-02, 9.030777203259029e-01, 0.000000000000000e+00, 0.000000000000000e+00, 6.696019423122152e+00
265, 7.152987285793003e-01, 9.282459417460230e-02, 9.033952650381577e-01, 0.000000000000000e+00, 0.000000000000000e+00, 6.697973393142803e+00
266, 7.182066953749298e-01, 9.210671881221244e-02, 9.037062031100330e-01, 0.000000000000000e+00, 0.000000000000000e+00, 6.699876437662824e+00
267, 7.211136633925935e-01, 9.138480903305291e-02, 9.040209758571577e-01, 0.000000000000000e+00, 0.000000000000000e+00, 6.701802167196595e+00
268, 7.240196279230771e-01, 9.065887052113672e-02, 9.043262492085082e-01, 0.000000000000000e+00, 0.000000000000000e+00, 6.703660293907531e+00
269, 7.269245850341697e-01, 8.992891164261353e-02, 9.046257258396110e-01, 0.000000000000000e+00, 0.000000000000000e+00, 6.705491251331535e+00
270, 7.298285307072172e-01, 8.919493957461611e-02, 9.049138245160944e-01, 0.000000000000000e+00, 0.000000000000000e+00, 6.707250040138435e+00
271, 7.327314605566804e-01, 8.845695943234538e-02, 9.052287291897181e-01, 0.000000000000000e+00, 0.000000000000000e+00, 6.709171386964344e+00
272, 7.356333698858744e-01, 8.771497630256489e-02, 9.055551903186760e-01, 0.000000000000000e+00, 0.000000000000000e+00, 6.711149243810960e+00
273, 7.385342536742397e-01, 8.696899525227832e-02, 9.058514747389013e-01, 0.000000000000000e+00, 0.000000000000000e+00, 6.712938028131947e+00
274, 7.414341081500129e-01, 8.621902104142569e-02, 9.061431571340697e-01, 0.000000000000000e+00, 0.000000000000000e+00, 6.714726436233079e+00
275, 7.443329287322240e-01, 8.546506129637217e-02, 9.064380104412882e-01, 0.000000000000000e+00, 0.000000000000000e+00, 6.716534914529542e+00
276, 7.472307110676459e-01, 8.470712173015274e-02, 9.067324587501979e-01, 0.000000000000000e+00, 0.000000000000000e+00, 6.718326652443931e+00
277, 7.501274511412960e-01, 8.394520657561838e-02, 9.070259217279681e-01, 0.000000000000000e+00, 0.000000000000000e+00, 6.720099815588298e+00
278, 7.530231434468374e-01, 8.317932035587371e-02, 9.073148480765820e-01, 0.000000000000000e+00, 0.000000000000000e+00, 6.721833712347436e+00
279, 7.559177837046522e-01, 8.240946717218485e-02, 9.076009700447641e-01, 0.000000000000000e+00, 0.000000000000000e+00, 6.723547697152151e+00
280, 7.588113671757742e-01, 8.163565114871792e-02, 9.078889152994426e-01, 0.000000000000000e+00, 0.000000000000000e+00, 6.725277395867591e+00
281, 7.617038889792042e-01, 8.085787705327886e-02, 9.081775071896030e-01, 0.000000000000000e+00, 0.000000000000000e+00, 6.727018976262220e+00
282, 7.645953453908565e-01, 8.007615086466362e-02, 9.084592101916237e-01, 0.000000000000000e+00, 0.000000000000000e+00, 6.728716977233455e+00
283, 7.674857314740896e-01, 7.929047647497654e-02, 9.087392894536740e-01, 0.000000000000000e+00, 0.000000000000000e+00, 6.730402357252058e+00
284, 7.703750426759843e-01, 7.850085736423586e-02, 9.090176924499425e-01, 0.000000000000000e+00, 0.000000000000000e+00, 6.732066971988321e+00
285, 7.732632735593112e-01, 7.770729715348988e-02, 9.093128847137872e-01, 0.000000000000000e+00, 0.000000000000000e+00, 6.733822143777975e+00
286, 7.761504197412976e-01, 7.690979907452078e-02, 9.095778076571144e-01, 0.000000000000000e+00, 0.000000000000000e+00, 6.735382461865380e+00
287, 7.790364762703234e-01, 7.610836641394361e-02, 9.098442139105112e-01, 0.000000000000000e+00, 0.000000000000000e+00, 6.736979090971598e+00
288, 7.819214380665023e-01, 7.530300239359768e-02, 9.101145271703851e-01, 0.000000000000000e+00, 0.000000000000000e+00, 6.738585019273302e+00
289, 7.848053005912182e-01, 7.449371064147817e-02, 9.103819042822540e-01, 0.000000000000000e+00, 0.000000000000000e+00, 6.740177641042203e+00
290, 7.876880592048756e-01, 7.368049533772349e-02, 9.106520460720291e-01, 0.000000000000000e+00, 0.000000000000000e+00, 6.741789189071751e+00
291, 7.905697088385791e-01, 7.286335922288797e-02, 9.109193971294750e-01, 0.000000000000000e+00, 0.000000000000000e+00, 6.743380461371482e+00
292, 7.934502445422077e-01, 7.204230484763191e-02, 9.111812193125566e-01, 0.000000000000000e+00, 0.000000000000000e+00, 6.744939891779211e+00
293, 7.963296610812720e-01, 7.121733473372750e-02, 9.114621727791701e-01, 0.000000000000000e+00, 0.000000000000000e+00, 6.746617488830371e+00
294, 7.992079537750072e-01, 7.038845113241399e-02, 9.117146101922499e-01, 0.000000000000000e+00, 0.000000000000000e+00, 6.748107756119305e+00
295, 8.020851170245533e-01, 6.955565644535433e-02, 9.119695533735879e-01, 0.000000000000000e+00, 0.000000000000000e+00, 6.749643411121034e+00
296, 8.049611462042714e-01, 6.871895267739649e-02, 9.122343217245037e-01, 0.000000000000000e+00, 0.000000000000000e+00, 6.751215039141916e+00
297, 8.078360357383144e-01, 6.787834199056186e-02, 9.125023239744341e-01, 0.000000000000000e+00, 0.000000000000000e+00, 6.752806307150983e+00
298, 8.107097804102230e-01, 6.703382632227783e-02, 9.127668584751432e-01, 0.000000000000000e+00, 0.000000000000000e+00, 6.754379711107394e+00
299, 8.135823754196880e-01, 6.618540736270748e-02, 9.130286046945407e-01, 0.000000000000000e+00, 0.000000000000000e+00, 6.755937188263513e+00
300, 8.164538148461024e-01, 6.533308701228797e-02, 9.132878261455417e-01, 0.000000000000000e+00, 0.000000000000000e+00, 6.757483585796158e+00
301, 8.193240944250719e-01, 6.447686686431513e-02, 9.135432683791015e-01, 0.000000000000000e+00, 0.000000000000000e+00, 6.759014850750432e+00
302, 8.221932078133263e-01, 6.361674873881928e-02, 9.137958563392169e-01, 0.000000000000000e+00, 0.000000000000000e+00, 6.760535867629215e+00
303, 8.250611505414038e-01, 6.275273354627274e-02, 9.140434548980273e-01, 0.000000000000000e+00, 0.000000000000000e+00, 6.762043234361979e+00
304, 8.279279163077524e-01, 6.188482261698633e-02, 9.142830287019047e-01, 0.000000000000000e+00, 0.000000000000000e+00, 6.763526866924443e+00
305, 8.307935002778694e-01, 6.101301670623030e-02, 9.145105650692497e-01, 0.000000000000000e+00, 0.000000000000000e+00, 6.764952814727545e+00
306, 8.336578964325181e-01, 6.013731679386887e-02, 9.147412293282566e-01, 0.000000000000000e+00, 0.000000000000000e+00, 6.766403519653278e+00
307, 8.365210995630119e-01, 5.925772347683765e-02, 9.149568481301631e-01, 0.000000000000000e+00, 0.000000000000000e+00, 6.767777567838483e+00
308, 8.393831037330334e-01, 5.837423743758581e-02, 9.151850211392736e-01, 0.000000000000000e+00, 0.000000000000000e+00, 6.769240052524730e+00
309, 8.422439036487198e-01, 5.748685902249527e-02, 9.154073085260208e-01, 0.000000000000000e+00, 0.000000000000000e+00, 6.770632660464562e+00
310, 8.451034931182254e-01, 5.659558871802307e-02, 9.156493939706358e-01, 0.000000000000000e+00, 0.000000000000000e+00, 6.772160071071110e+00
311, 8.479618669979962e-01, 5.570042654692751e-02, 9.158843641755733e-01, 0.000000000000000e+00, 0.000000000000000e+00, 6.773596899911333e+00
312, 8.508190191379590e-01, 5.480137271009379e-02, 9.161004581438054e-01, 0.000000000000000e+00, 0.000000000000000e+00, 6.774925582205382e+00
313, 8.536749437641992e-01, 5.389842715869128e-02, 9.163142372811585e-01, 0.000000000000000e+00, 0.000000000000000e+00, 6.776249093100097e+00
314, 8.565296349862294e-01, 5.299158975263410e-02, 9.165447302852598e-01, 0.000000000000000e+00, 0.000000000000000e+00, 6.777651389685371e+00
315, 8.593830869080141e-01, 5.208086023220566e-02, 9.167756354906267e-01, 0.000000000000000e+00, 0.000000000000000e+00, 6.779047714800098e+00
316, 8.622352988232217e-01, 5.116623655677072e-02, 9.169998143586380e-01, 0.000000000000000e+00, 0.000000000000000e+00, 6.780408319964343e+00
317, 8.650862487678685e-01, 5.024772341751978e-02, 9.172169707732204e-01, 0.000000000000000e+00, 0.000000000000000e+00, 6.781735413794367e+00
318, 8.679359469530055e-01, 4.932531483392340e-02, 9.174286846671066e-01, 0.000000000000000e+00, 0.000000000000000e+00, 6.783047087498627e+00
319, 8.707843811181563e-01, 4.839901139539779e-02, 9.176318857118126e-01, 0.000000000000000e+00, 0.000000000000000e+00, 6.784324021697984e+00
320, 8.736315457412782e-01, 4.746881185554532e-02, 9.178369122224769e-01, 0.000000000000000e+00, 0.000000000000000e+00, 6.785633987166741e+00
321, 8.764774339333201e-01, 4.653471535509663e-02, 9.180378956991085e-01, 0.000000000000000e+00, 0.000000000000000e+00, 6.786932158947156e+00
322, 8.793220395287783e-01, 4.559672073885187e-02, 9.182297937778064e-01, 0.000000000000000e+00, 0.000000000000000e+00, 6.788202504281064e+00
323, 8.821653564167095e-01, 4.465482680646850e-02, 9.184079541167778e-01, 0.000000000000000e+00, 0.000000000000000e+00, 6.789403644045803e+00
324, 8.850073784907441e-01, 4.370903237087128e-02, 9.185960894618199e-01, 0.000000000000000e+00, 0.000000000000000e+00, 6.790688851139485e+00
325, 8.878480991825903e-01, 4.275933646616276e-02, 9.187831694288420e-01, 0.000000000000000e+00, 0.000000000000000e+00, 6.791975983466585e+00
326, 8.906875121711482e-01, 4.180573817534983e-02, 9.189595026704958e-01, 0.000000000000000e+00, 0.000000000000000e+00, 6.793212356572734e+00
327, 8.935256109197593e-01, 4.084823461771103e-02, 9.191317195732523e-01, 0.000000000000000e+00, 0.000000000000000e+00, 6.794441136562996e+00
328, 8.963623877624379e-01, 3.988682213442103e-02, 9.192989340754751e-01, 0.000000000000000e+00, 0.000000000000000e+00, 6.795654733604937e+00
329, 8.991978363372026e-01, 3.892149940256195e-02, 9.194600606195634e-01, 0.000000000000000e+00, 0.000000000000000e+00, 6.796854592567608e+00
330, 9.020319501843672e-01, 3.795226551980020e-02, 9.195978964372374e-01, 0.000000000000000e+00, 0.000000000000000e+00, 6.797936027861565e+00
331, 9.048647230153992e-01, 3.697912004193922e-02, 9.197397147474147e-01, 0.000000000000000e+00, 0.000000000000000e+00, 6.799063819560717e+00
332, 9.076961483788910e-01, 3.600205882422778e-02, 9.199148510303750e-01, 0.000000000000000e+00, 0.000000000000000e+00, 6.800388430972300e+00
333, 9.105262168555164e-01, 3.502107676127011e-02, 9.200786801562215e-01, 0.000000000000000e+00, 0.000000000000000e+00, 6.801644922300616e+00
334, 9.133549235362136e-01, 3.403617335746111e-02, 9.202235351531108e-01, 0.000000000000000e+00, 0.000000000000000e+00, 6.802807988376696e+00
335, 9.161822625268430e-01, 3.304734931867973e-02, 9.203867499742048e-01, 0.000000000000000e+00, 0.000000000000000e+00, 6.804095445628882e+00
336, 9.190082246102420e-01, 3.205459697559408e-02, 9.205095966248993e-01, 0.000000000000000e+00, 0.000000000000000e+00, 6.805167343597724e+00
337, 9.218328016781867e-01, 3.105791363520626e-02, 9.206477314628628e-01, 0.000000000000000e+00, 0.000000000000000e+00, 6.806355081636001e+00
338, 9.246559911513784e-01, 3.005730097057486e-02, 9.207904042344569e-01, 0.000000000000000e+00, 0.000000000000000e+00, 6.807565511997391e+00
339, 9.274777805461127e-01, 2.905275090958218e-02, 9.209162559486032e-01, 0.000000000000000e+00, 0.000000000000000e+00, 6.808703278712609e+00
340, 9.302981629795394e-01, 2.804426178093772e-02, 9.210697165227050e-01, 0.000000000000000e+00, 0.000000000000000e+00, 6.810012467727742e+00
341, 9.331171350507518e-01, 2.703183357642059e-02, 9.212148477815074e-01, 0.000000000000000e+00, 0.000000000000000e+00, 6.811275614073550e+00
342, 9.359346856159459e-01, 2.601545554592160e-02, 9.213345415946821e-01, 0.000000000000000e+00, 0.000000000000000e+00, 6.812423500153003e+00
343, 9.387508115087423e-01, 2.499513238893998e-02, 9.214478000135577e-01, 0.000000000000000e+00, 0.000000000000000e+00, 6.813559429688721e+00
344, 9.415654992932311e-01, 2.397085245636506e-02, 9.215847663502825e-01, 0.000000000000000e+00, 0.000000000000000e+00, 6.814840244110715e+00
345, 9.443787458638162e-01, 2.294262025511042e-02, 9.217435141636865e-01, 0.000000000000000e+00, 0.000000000000000e+00, 6.816242141506467e+00
346, 9.471905392795192e-01, 2.191042461593059e-02, 9.218700834684812e-01, 0.000000000000000e+00, 0.000000000000000e+00, 6.817467727440397e+00
347, 9.500008763383140e-01, 2.087426614105461e-02, 9.219657775894701e-01, 0.000000000000000e+00, 0.000000000000000e+00, 6.818571163758699e+00
348, 9.528097461436884e-01, 1.983414081041899e-02, 9.220665529013716e-01, 0.000000000000000e+00, 0.000000000000000e+00, 6.819734769067705e+00
349, 9.556171424331865e-01, 1.879003951674527e-02, 9.221697912820572e-01, 0.000000000000000e+00, 0.000000000000000e+00, 6.820940526120255e+00
350, 9.584230563619318e-01, 1.774196254368715e-02, 9.222850830115841e-01, 0.000000000000000e+00, 0.000000000000000e+00, 6.822238119399699e+00
351, 9.612274789886801e-01, 1.668990620120808e-02, 9.223731282516373e-01, 0.000000000000000e+00, 0.000000000000000e+00, 6.823393765450909e+00
352, 9.640304044323322e-01, 1.563386370380612e-02, 9.224480499725928e-01, 0.000000000000000e+00, 0.000000000000000e+00, 6.824493984715032e+00
353, 9.668318240495529e-01, 1.457383035382023e-02, 9.225344551516355e-01, 0.000000000000000e+00, 0.000000000000000e+00, 6.825663291340248e+00
354, 9.696317265004318e-01, 1.350980265976329e-02, 9.226230496962680e-01, 0.000000000000000e+00, 0.000000000000000e+00, 6.826848513082489e+00
355, 9.724301069442334e-01, 1.244177454639636e-02, 9.226858339348593e-01, 0.000000000000000e+00, 0.000000000000000e+00, 6.827866332400997e+00
356, 9.752269561448340e-01, 1.136974236650013e-02, 9.227771110158115e-01, 0.000000000000000e+00, 0.000000000000000e+00, 6.829091957403629e+00
357, 9.780222668312261e-01, 1.029370225954825e-02, 9.228069248080323e-01, 0.000000000000000e+00, 0.000000000000000e+00, 6.829882776561363e+00
358, 9.808160251090061e-01, 9.213645746316662e-03, 9.228262815807321e-01, 0.000000000000000e+00, 0.000000000000000e+00, 6.830638671858838e+00
359, 9.836082289788677e-01, 8.129571417293934e-03, 9.228535808054884e-01, 0.000000000000000e+00, 0.000000000000000e+00, 6.831457038771664e+00
360, 9.863988661676533e-01, 7.041471898753530e-03, 9.228647321560052e-01, 0.000000000000000e+00, 0.000000000000000e+00, 6.832174062410834e+00
361, 9.891879268972902e-01, 5.949341999312193e-03, 9.228426219596916e-01, 0.000000000000000e+00, 0.000000000000000e+00, 6.832678541310311e+00
362, 9.919754063081914e-01, 4.853177612802440e-03, 9.228312857458516e-01, 0.000000000000000e+00, 0.000000000000000e+00, 6.833290263065030e+00
363, 9.947612937152897e-01, 3.752970317896403e-03, 9.227647257385502e-01, 0.000000000000000e+00, 0.000000000000000e+00, 6.833513658327694e+00
364, 9.975455792324623e-01, 2.648718254919045e-03, 9.217112160033062e-01, 0.000000000000000e+00, 0.000000000000000e+00, 6.826448850843288e+00
365, 9.996900318608091e-01, -1.390314071831134e-03, 9.169056614494753e-01, 0.000000000000000e+00, 0.000000000000000e+00, 6.791681331851054e+00
366, 9.972317359739004e-01, -1.443109161990606e-03, 9.244168402066875e-01, 0.000000000000000e+00, 0.000000000000000e+00, 6.847032087229588e+00
367, 9.942346605216404e-01, -1.324495834493884e-03, 9.258931683143458e-01, 0.000000000000000e+00, 0.000000000000000e+00, 6.857892024049526e+00
368, 9.912375453382828e-01, -1.206890337630979e-03, 9.255366536044147e-01, 0.000000000000000e+00, 0.000000000000000e+00, 6.855299581378016e+00
369, 9.882403887589800e-01, -1.090302899052623e-03, 9.252840341760767e-01, 0.000000000000000e+00, 0.000000000000000e+00, 6.853525063510488e+00
370, 9.852431957013887e-01, -9.747441779990701e-04, 9.253454779873058e-01, 0.000000000000000e+00, 0.000000000000000e+00, 6.854098925060383e+00
371, 9.822459610084733e-01, -8.602234101014813e-04, 9.255398806300573e-01, 0.000000000000000e+00, 0.000000000000000e+00, 6.855667518660387e+00
372, 9.792486864765055e-01, -7.467504919310355e-04, 9.256983603378225e-01, 0.000000000000000e+00, 0.000000000000000e+00, 6.856980316514297e+00
373, 9.762513724916704e-01, -6.343361506466496e-04, 9.258809620490152e-01, 0.000000000000000e+00, 0.000000000000000e+00, 6.858456565248251e+00
374, 9.732540175971418e-01, -5.229886374881271e-04, 9.260876411638734e-01, 0.000000000000000e+00, 0.000000000000000e+00, 6.860092920621187e+00
375, 9.702566240964293e-01, -4.127190112527843e-04, 9.262690659278617e-01, 0.000000000000000e+00, 0.000000000000000e+00, 6.861540274561587e+00
376, 9.672591903803787e-01, -3.035357208185199e-04, 9.264677298374457e-01, 0.000000000000000e+00, 0.000000000000000e+00, 6.863117931005445e+00
377, 9.642617164704209e-01, -1.954480976132630e-04, 9.266392557881271e-01, 0.000000000000000e+00, 0.000000000000000e+00, 6.864490703751257e+00
378, 9.612642040464421e-01, -8.846558359124247e-05, 9.268177055644485e-01, 0.000000000000000e+00, 0.000000000000000e+00, 6.865896103185973e+00
379, 9.582666497523938e-01, 1.740289695508885e-05, 9.270163643914803e-01, 0.000000000000000e+00, 0.000000000000000e+00, 6.867439918695061e+00
380, 9.552690589909637e-01, 1.221484265132574e-04, 9.271786972717734e-01, 0.000000000000000e+00, 0.000000000000000e+00, 6.868708308752592e+00
381, 9.522714257393855e-01, 2.257624875486199e-04, 9.273675683072092e-01, 0.000000000000000e+00, 0.000000000000000e+00, 6.870146078270230e+00
382, 9.492737571388117e-01, 3.282352661380675e-04, 9.275318422244332e-01, 0.000000000000000e+00, 0.000000000000000e+00, 6.871401421867635e+00
383, 9.462760455779492e-01, 4.295587484312066e-04, 9.277123870338189e-01, 0.000000000000000e+00, 0.000000000000000e+00, 6.872759486218954e+00
384, 9.432782989599037e-01, 5.297255152085482e-04, 9.278822024998463e-01, 0.000000000000000e+00, 0.000000000000000e+00, 6.874034621176455e+00
385, 9.402805110808805e-01, 6.287258297649251e-04, 9.280356572474051e-01, 0.000000000000000e+00, 0.000000000000000e+00, 6.875215571944825e+00
386, 9.372826846204922e-01, 7.265518290147051e-04, 9.281980481329042e-01, 0.000000000000000e+00, 0.000000000000000e+00, 6.876429491053112e+00
387, 9.342848206523425e-01, 8.231965985016228e-04, 9.283615031037804e-01, 0.000000000000000e+00, 0.000000000000000e+00, 6.877641417248530e+00
388, 9.312869181569196e-01, 9.186501143925869e-04, 9.285046088681460e-01, 0.000000000000000e+00, 0.000000000000000e+00, 6.878717007294586e+00
389, 9.282889779857907e-01, 1.012906996583265e-03, 9.286558718585047e-01, 0.000000000000000e+00, 0.000000000000000e+00, 6.879850163334641e+00
390, 9.252909998461711e-01, 1.105957227114269e-03, 9.288036941292417e-01, 0.000000000000000e+00, 0.000000000000000e+00, 6.880929203085804e+00
391, 9.222929854524210e-01, 1.197795099701406e-03, 9.289439411431895e-01, 0.000000000000000e+00, 0.000000000000000e+00, 6.881962731855241e+00
392, 9.192949325265376e-01, 1.288412592443978e-03, 9.290749346582908e-01, 0.000000000000000e+00, 0.000000000000000e+00, 6.882934328054379e+00
393, 9.162968430822355e-01, 1.377801280498217e-03, 9.292244199685180e-01, 0.000000000000000e+00, 0.000000000000000e+00, 6.884017023318367e+00
394, 9.132987172362285e-01, 1.465956442215580e-03, 9.293490250997152e-01, 0.000000000000000e+00, 0.000000000000000e+00, 6.884924735551001e+00
395, 9.103005552316064e-01, 1.552868982506175e-03, 9.294737130727267e-01, 0.000000000000000e+00, 0.000000000000000e+00, 6.885844711101226e+00
396, 9.073023570273635e-01, 1.638532235723584e-03, 9.296022514886298e-01, 0.000000000000000e+00, 0.000000000000000e+00, 6.886779309547297e+00
397, 9.043041234822877e-01, 1.722941156120454e-03, 9.297369380370976e-01, 0.000000000000000e+00, 0.000000000000000e+00, 6.887738226255070e+00
398, 9.013058543922648e-01, 1.806087772873459e-03, 9.298479678293619e-01, 0.000000000000000e+00, 0.000000000000000e+00, 6.888544353243525e+00
399, 8.983075506938423e-01, 1.887964807669015e-03, 9.299552538717274e-01, 0.000000000000000e+00, 0.000000000000000e+00, 6.889359140502248e+00
400, 8.953092122963220e-01, 1.968567733761650e-03, 9.300768923346256e-01, 0.000000000000000e+00, 0.000000000000000e+00, 6.890242353003958e+00
401, 8.923108394897988e-01, 2.047890220343011e-03, 9.301793886548939e-01, 0.000000000000000e+00, 0.000000000000000e+00, 6.890997519410556e+00
402, 8.893124334663028e-01, 2.125925520836944e-03, 9.302851423499396e-01, 0.000000000000000e+00, 0.000000000000000e+00, 6.891794499265925e+00
403, 8.863139934067683e-01, 2.202667310666856e-03, 9.303852627229556e-01, 0.000000000000000e+00, 0.000000000000000e+00, 6.892534102053623e+00
404, 8.833155210008762e-01, 2.278110192808742e-03, 9.304851552294626e-01, 0.000000000000000e+00, 0.000000000000000e+00, 6.893282879810463e+00
405, 8.803170159535857e-01, 2.352249519832708e-03, 9.305765036019062e-01, 0.000000000000000e+00, 0.000000000000000e+00, 6.893974780622610e+00
406, 8.773184786859213e-01, 2.425079489104022e-03, 9.306554677349503e-01, 0.000000000000000e+00, 0.000000000000000e+00, 6.894571307711376e+00
407, 8.743199096417632e-01, 2.496594533075915e-03, 9.307432748050287e-01, 0.000000000000000e+00, 0.000000000000000e+00, 6.895235887583546e+00
408, 8.713213093658218e-01, 2.566789327877654e-03, 9.308227924598784e-01, 0.000000000000000e+00, 0.000000000000000e+00, 6.895848311032108e+00
409, 8.683226788413010e-01, 2.635658765671357e-03, 9.309070059899206e-01, 0.000000000000000e+00, 0.000000000000000e+00, 6.896501274851659e+00
410, 8.653240174110405e-01, 2.703197985267094e-03, 9.309775521417871e-01, 0.000000000000000e+00, 0.000000000000000e+00, 6.897056322756780e+00
411, 8.623253269090814e-01, 2.769402602830182e-03, 9.310468638397469e-01, 0.000000000000000e+00, 0.000000000000000e+00, 6.897581597141484e+00
412, 8.593266067849924e-01, 2.834268330970792e-03, 9.311304771015897e-01, 0.000000000000000e+00, 0.000000000000000e+00, 6.898186696612779e+00
413, 8.563278579244872e-01, 2.897790665038186e-03, 9.312056813077517e-01, 0.000000000000000e+00, 0.000000000000000e+00, 6.898723039725914e+00
414, 8.533290806885065e-01, 2.959965300588632e-03, 9.312716725821818e-01, 0.000000000000000e+00, 0.000000000000000e+00, 6.899198093793997e+00
415, 8.503302759556168e-01, 3.020788103976993e-03, 9.313455975985465e-01, 0.000000000000000e+00, 0.000000000000000e+00, 6.899725329375778e+00
416, 8.473314438551175e-01, 3.080255132542865e-03, 9.314195535483291e-01, 0.000000000000000e+00, 0.000000000000000e+00, 6.900244379662679e+00
417, 8.443325852580104e-01, 3.138362599837469e-03, 9.314813720195038e-01, 0.000000000000000e+00, 0.000000000000000e+00, 6.900681781782876e+00
418, 8.413337001040705e-01, 3.195106905176232e-03, 9.315484163338441e-01, 0.000000000000000e+00, 0.000000000000000e+00, 6.901163049568506e+00
419, 8.383347898620924e-01, 3.250484584201987e-03, 9.316124748519726e-01, 0.000000000000000e+00, 0.000000000000000e+00, 6.901630879916587e+00
420, 8.353358546930947e-01, 3.304492361198418e-03, 9.316635384230673e-01, 0.000000000000000e+00, 0.000000000000000e+00, 6.902025307630717e+00
421, 8.323368948286498e-01, 3.357127121311562e-03, 9.317045053632528e-01, 0.000000000000000e+00, 0.000000000000000e+00, 6.902346140675537e+00
422, 8.293379111930961e-01, 3.408385899900503e-03, 9.317605172435720e-01, 0.000000000000000e+00, 0.000000000000000e+00, 6.902758642690847e+00
423, 8.263389046932922e-01, 3.458265895967835e-03, 9.318186470720569e-01, 0.000000000000000e+00, 0.000000000000000e+00, 6.903177633272393e+00
424, 8.233398752207973e-01, 3.506764488637083e-03, 9.318704986467480e-01, 0.000000000000000e+00, 0.000000000000000e+00, 6.903546419614755e+00
425, 8.203408234573523e-01, 3.553879207814107e-03, 9.319166028274946e-01, 0.000000000000000e+00, 0.000000000000000e+00, 6.903888936013862e+00
426, 8.173417504393883e-01, 3.599607743776409e-03, 9.319569790798942e-01, 0.000000000000000e+00, 0.000000000000000e+00, 6.904209195095462e+00
427, 8.143426568894485e-01, 3.643947959166670e-03, 9.319838038913607e-01, 0.000000000000000e+00, 0.000000000000000e+00, 6.904438583491926e+00
428, 8.113435428234286e-01, 3.686897895400302e-03, 9.320177752225436e-01, 0.000000000000000e+00, 0.000000000000000e+00, 6.904719120981238e+00
429, 8.083444088425409e-01, 3.728455755129168e-03, 9.320544984164416e-01, 0.000000000000000e+00, 0.000000000000000e+00, 6.905006314221359e+00
430, 8.053452562481533e-01, 3.768619903857181e-03, 9.320911290430528e-01, 0.000000000000000e+00, 0.000000000000000e+00, 6.905285355799990e+00
431, 8.023460853923721e-01, 3.807388894299110e-03, 9.321193670849167e-01, 0.000000000000000e+00, 0.000000000000000e+00, 6.905505344246788e+00
432, 7.993468964985062e-01, 3.844761455913071e-03, 9.321501755191036e-01, 0.000000000000000e+00, 0.000000000000000e+00, 6.905747548887746e+00
433, 7.963476908304106e-01, 3.880736482567959e-03, 9.321791767871679e-01, 0.000000000000000e+00, 0.000000000000000e+00, 6.905981806553622e+00
434, 7.933484682490896e-01, 3.915313064211931e-03, 9.321994136697708e-01, 0.000000000000000e+00, 0.000000000000000e+00, 6.906149816950419e+00
435, 7.903492302120898e-01, 3.948490452652696e-03, 9.322249733688467e-01, 0.000000000000000e+00, 0.000000000000000e+00, 6.906346514452907e+00
436, 7.873499772303858e-01, 3.980268093034995e-03, 9.322446512172070e-01, 0.000000000000000e+00, 0.000000000000000e+00, 6.906492107214028e+00
437, 7.843507295397053e-01, 4.010645418344914e-03, 9.322722001139135e-01, 0.000000000000000e+00, 0.000000000000000e+00, 6.906695856448029e+00
438, 7.813514280120338e-01, 4.039622830679466e-03, 9.322895937831739e-01, 0.000000000000000e+00, 0.000000000000000e+00, 6.906827696078562e+00
439, 7.783521329025241e-01, 4.067199714123936e-03, 9.323063093316235e-01, 0.000000000000000e+00, 0.000000000000000e+00, 6.906946199541582e+00
440, 7.753528256270359e-01, 4.093376183500991e-03, 9.323222416936358e-01, 0.000000000000000e+00, 0.000000000000000e+00, 6.907034092296478e+00
441, 7.723535064083746e-01, 4.118152514904744e-03, 9.323359895031254e-01, 0.000000000000000e+00, 0.000000000000000e+00, 6.907127523568152e+00
442, 7.693541760301075e-01, 4.141529240004499e-03, 9.323497455737160e-01, 0.000000000000000e+00, 0.000000000000000e+00, 6.907246937265000e+00
443, 7.663548350011279e-01, 4.163507086219516e-03, 9.323609562826077e-01, 0.000000000000000e+00, 0.000000000000000e+00, 6.907341629159438e+00
444, 7.633554839292411e-01, 4.184086974084328e-03, 9.323663826052249e-01, 0.000000000000000e+00, 0.000000000000000e+00, 6.907398199811817e+00
445, 7.603561237269942e-01, 4.203270016422008e-03, 9.323753915949416e-01, 0.000000000000000e+00, 0.000000000000000e+00, 6.907464616627006e+00
446, 7.573567547491127e-01, 4.221057523906159e-03, 9.323850950893183e-01, 0.000000000000000e+00, 0.000000000000000e+00, 6.907520242057441e+00
447, 7.543573780422195e-01, 4.237450996885372e-03, 9.323894753722927e-01, 0.000000000000000e+00, 0.000000000000000e+00, 6.907543840499212e+00
448, 7.513579940589860e-01, 4.252452132509683e-03, 9.323892772801633e-01, 0.000000000000000e+00, 0.000000000000000e+00, 6.907542557039119e+00
449, 7.483586032898084e-01, 4.266062751853318e-03, 9.323849244392649e-01, 0.000000000000000e+00, 0.000000000000000e+00, 6.907516858654849e+00
450, 7.453592065644827e-01, 4.278284510062946e-03, 9.323760627209464e-01, 0.000000000000000e+00, 0.000000000000000e+00, 6.907468445561184e+00
451, 7.423598046350226e-01, 4.289119623474817e-03, 9.323665643517913e-01, 0.000000000000000e+00, 0.000000000000000e+00, 6.907428517381100e+00
452, 7.393603978131865e-01, 4.298570586214474e-03, 9.323609055254163e-01, 0.000000000000000e+00, 0.000000000000000e+00, 6.907401959358273e+00
453, 7.363609872075967e-01, 4.306640088673229e-03, 9.323536628796271e-01, 0.000000000000000e+00, 0.000000000000000e+00, 6.907345164859077e+00
454, 7.333615730849278e-01, 4.313331020951097e-03, 9.323419618678126e-01, 0.000000000000000e+00, 0.000000000000000e+00, 6.907256916219222e+00
455, 7.303621561506028e-01, 4.318646467011470e-03, 9.323293399591760e-01, 0.000000000000000e+00, 0.000000000000000e+00, 6.907167685445719e+00
456, 7.273627370965092e-01, 4.322589703990492e-03, 9.323147828894432e-01, 0.000000000000000e+00, 0.000000000000000e+00, 6.907070143054472e+00
457, 7.243633166088173e-01, 4.325163970319224e-03, 9.322975443799597e-01, 0.000000000000000e+00, 0.000000000000000e+00, 6.906957905939806e+00
458, 7.213638953219852e-01, 4.326372593922413e-03, 9.322791657340651e-01, 0.000000000000000e+00, 0.000000000000000e+00, 6.906832138219131e+00
459, 7.183644736831060e-01, 4.326219499280103e-03, 9.322580921038903e-01, 0.000000000000000e+00, 0.000000000000000e+00, 6.906674166868096e+00
460, 7.153650524556506e-01, 4.324708813532563e-03, 9.322373790312941e-01, 0.000000000000000e+00, 0.000000000000000e+00, 6.906518628735214e+00
461, 7.123656323263240e-01, 4.321844858300583e-03, 9.322145635890507e-01, 0.000000000000000e+00, 0.000000000000000e+00, 6.906363423666763e+00
462, 7.093662137134201e-01, 4.317632146044904e-03, 9.321884917571817e-01, 0.000000000000000e+00, 0.000000000000000e+00, 6.906197436749104e+00
463, 7.063667972435761e-01, 4.312075359420104e-03, 9.321600279553159e-01, 0.000000000000000e+00, 0.000000000000000e+00, 6.905996082888724e+00
464, 7.033673836060560e-01, 4.305179046827398e-03, 9.321323730428781e-01, 0.000000000000000e+00, 0.000000000000000e+00, 6.905783242524230e+00
465, 7.003679732601721e-01, 4.296948252504602e-03, 9.321044939100276e-01, 0.000000000000000e+00, 0.000000000000000e+00, 6.905570079121027e+00
466, 6.973685669009699e-01, 4.287388374842755e-03, 9.320733354128523e-01, 0.000000000000000e+00, 0.000000000000000e+00, 6.905333662449459e+00
467, 6.943691649744652e-01, 4.276505001134308e-03, 9.320432552280380e-01, 0.000000000000000e+00, 0.000000000000000e+00, 6.905101743563183e+00
468, 6.913697682838237e-01, 4.264303905731373e-03, 9.320151804540140e-01, 0.000000000000000e+00, 0.000000000000000e+00, 6.904889623745500e+00
469, 6.883703771189785e-01, 4.250791032501129e-03, 9.319834406021229e-01, 0.000000000000000e+00, 0.000000000000000e+00, 6.904650544409764e+00
470, 6.853709920313735e-01, 4.235972324638134e-03, 9.319440089327118e-01, 0.000000000000000e+00, 0.000000000000000e+00, 6.904326445349483e+00
471, 6.823716138775699e-01, 4.219854168662668e-03, 9.318942520178035e-01, 0.000000000000000e+00, 0.000000000000000e+00, 6.903895607645349e+00
472, 6.793722427823824e-01, 4.202443250990260e-03, 9.318629495553120e-01, 0.000000000000000e+00, 0.000000000000000e+00, 6.903653080641039e+00
473, 6.763728795292324e-01, 4.183746443684122e-03, 9.318266687193978e-01, 0.000000000000000e+00, 0.000000000000000e+00, 6.903396132420831e+00
474, 6.733735244122683e-01, 4.163770793701745e-03, 9.317916801765757e-01, 0.000000000000000e+00, 0.000000000000000e+00, 6.903162262988803e+00
475, 6.703741780506118e-01, 4.142523514812127e-03, 9.317471510326032e-01, 0.000000000000000e+00, 0.000000000000000e+00, 6.902872060194007e+00
476, 6.673748409662984e-01, 4.120012074665740e-03, 9.316949342072385e-01, 0.000000000000000e+00, 0.000000000000000e+00, 6.902496327073181e+00
477, 6.643755135658082e-01, 4.096244275112534e-03, 9.316327749433142e-01, 0.000000000000000e+00, 0.000000000000000e+00, 6.902033592286308e+00
478, 6.613761961795087e-01, 4.071228103029977e-03, 9.315855390087234e-01, 0.000000000000000e+00, 0.000000000000000e+00, 6.901692607574884e+00
479, 6.583768896220115e-01, 4.044971722441791e-03, 9.315457078505958e-01, 0.000000000000000e+00, 0.000000000000000e+00, 6.901415994425000e+00
480, 6.553775938577349e-01, 4.017483471611643e-03, 9.315003041440354e-01, 0.000000000000000e+00, 0.000000000000000e+00, 6.901078715742856e+00
481, 6.523783097505355e-01, 3.988772125168277e-03, 9.314470099786744e-01, 0.000000000000000e+00, 0.000000000000000e+00, 6.900659803434641e+00
482, 6.493790374813153e-01, 3.958846674993196e-03, 9.313895145551317e-01, 0.000000000000000e+00, 0.000000000000000e+00, 6.900204906909604e+00
483, 6.463797774409381e-01, 3.927716244347224e-03, 9.313264511152441e-01, 0.000000000000000e+00, 0.000000000000000e+00, 6.899720765991765e+00
484, 6.433805300174427e-01, 3.895390124607914e-03, 9.312895664981323e-01, 0.000000000000000e+00, 0.000000000000000e+00, 6.899486623062508e+00
485, 6.403812955468493e-01, 3.861877784199552e-03, 9.312362657075864e-01, 0.000000000000000e+00, 0.000000000000000e+00, 6.899118013163593e+00
486, 6.373820746864947e-01, 3.827189355656798e-03, 9.311790516700313e-01, 0.000000000000000e+00, 0.000000000000000e+00, 6.898683334029022e+00
487, 6.343828673684474e-01, 3.791335117520112e-03, 9.311134483691702e-01, 0.000000000000000e+00, 0.000000000000000e+00, 6.898172820034550e+00
488, 6.313836741344825e-01, 3.754325348562221e-03, 9.310472841838670e-01, 0.000000000000000e+00, 0.000000000000000e+00, 6.897653434241757e+00
489, 6.283844951375019e-01, 3.716170486922296e-03, 9.309853038015785e-01, 0.000000000000000e+00, 0.000000000000000e+00, 6.897179724857623e+00
490, 6.253853309592734e-01, 3.676881175707748e-03, 9.309256507031426e-01, 0.000000000000000e+00, 0.000000000000000e+00, 6.896733402465142e+00
491, 6.223861816315168e-01, 3.636469031358384e-03, 9.308649687998573e-01, 0.000000000000000e+00, 0.000000000000000e+00, 6.896296989059734e+00
492, 6.193870474674433e-01, 3.594945603016281e-03, 9.307977162195866e-01, 0.000000000000000e+00, 0.000000000000000e+00, 6.895819594078046e+00
493, 6.163879287325359e-01, 3.552322339720563e-03, 9.307300045911679e-01, 0.000000000000000e+00, 0.000000000000000e+00, 6.895340765207099e+00
494, 6.133888256645377e-01, 3.508610851753592e-03, 9.306511702674406e-01, 0.000000000000000e+00, 0.000000000000000e+00, 6.894759982126338e+00
495, 6.103897384479984e-01, 3.463823077327474e-03, 9.305611585180130e-01, 0.000000000000000e+00, 0.000000000000000e+00, 6.894061675550462e+00
496, 6.073906672547100e-01, 3.417972273946149e-03, 9.304890712817618e-01, 0.000000000000000e+00, 0.000000000000000e+00, 6.893516729616854e+00
497, 6.043916124265942e-01, 3.371071138444270e-03, 9.304305141630698e-01, 0.000000000000000e+00, 0.000000000000000e+00, 6.893100712211123e+00
498, 6.013925739605198e-01, 3.323132314086161e-03, 9.303622878551284e-01, 0.000000000000000e+00, 0.000000000000000e+00, 6.892608911310742e+00
499, 5.983935520259692e-01, 3.274168608537815e-03, 9.302764955406182e-01, 0.000000000000000e+00, 0.000000000000000e+00, 6.891986983346101e+00
500, 5.953945468164490e-01, 3.224193607292814e-03, 9.301928379775662e-01, 0.000000000000000e+00, 0.000000000000000e+00, 6.891381372438503e+00
501, 5.923955583399881e-01, 3.173222097105250e-03, 9.301109443801181e-01, 0.000000000000000e+00, 0.000000000000000e+00, 6.890793843073053e+00
502, 5.893965866853075e-01, 3.121267843426982e-03, 9.300268894840124e-01, 0.000000000000000e+00, 0.000000000000000e+00, 6.890191256638373e+00
503, 5.863976320778143e-01, 3.068344723924082e-03, 9.299334809392114e-01, 0.000000000000000e+00, 0.000000000000000e+00, 6.889510502210781e+00
504, 5.833986944114142e-01, 3.014466803164480e-03, 9.298222025248427e-01, 0.000000000000000e+00, 0.000000000000000e+00, 6.888674082334043e+00
505, 5.803997737506520e-01, 2.959649965501602e-03, 9.297434334589831e-01, 0.000000000000000e+00, 0.000000000000000e+00, 6.888105528843329e+00
506, 5.774008701016230e-01, 2.903909884889159e-03, 9.296871652514022e-01, 0.000000000000000e+00, 0.000000000000000e+00, 6.887740578633117e+00
507, 5.744019834781631e-01, 2.847261536881802e-03, 9.295915661211037e-01, 0.000000000000000e+00, 0.000000000000000e+00, 6.887038538508611e+00
508, 5.714031138662882e-01, 2.789720068354581e-03, 9.294798792883640e-01, 0.000000000000000e+00, 0.000000000000000e+00, 6.886178717355595e+00
509, 5.684042612207267e-01, 2.731301349780813e-03, 9.294005987962433e-01, 0.000000000000000e+00, 0.000000000000000e+00, 6.885598155660638e+00
510, 5.654054254451757e-01, 2.672023357296372e-03, 9.293044815741907e-01, 0.000000000000000e+00, 0.000000000000000e+00, 6.884888808732890e+00
511, 5.624066064505806e-01, 2.611902443058774e-03, 9.292016219737872e-01, 0.000000000000000e+00, 0.000000000000000e+00, 6.884102092849007e+00
512, 5.594078041321313e-01, 2.550954898524778e-03, 9.291101614456578e-01, 0.000000000000000e+00, 0.000000000000000e+00, 6.883417048206768e+00
513, 5.564090183688188e-01, 2.489197213695840e-03, 9.290225327512586e-01, 0.000000000000000e+00, 0.000000000000000e+00, 6.882762167798664e+00
514, 5.534102489995322e-01, 2.426648200679895e-03, 9.289229786899263e-01, 0.000000000000000e+00, 0.000000000000000e+00, 6.882006885405173e+00
515, 5.504114958811713e-01, 2.363326527955551e-03, 9.288219921951175e-01, 0.000000000000000e+00, 0.000000000000000e+00, 6.881240776348501e+00
516, 5.474127588093450e-01, 2.299249674061330e-03, 9.287142823328320e-01, 0.000000000000000e+00, 0.000000000000000e+00, 6.880427067779586e+00
517, 5.444140375589960e-01, 2.234435311624714e-03, 9.286112841401112e-01, 0.000000000000000e+00, 0.000000000000000e+00, 6.879645836016221e+00
518, 5.414153319254817e-01, 2.168902126598989e-03, 9.285141951748747e-01, 0.000000000000000e+00, 0.000000000000000e+00, 6.878910873826682e+00
519, 5.384166416513919e-01, 2.102671375508989e-03, 9.284176102684660e-01, 0.000000000000000e+00, 0.000000000000000e+00, 6.878183500505611e+00
520, 5.354179664121530e-01, 2.035762038133358e-03, 9.283100539913592e-01, 0.000000000000000e+00, 0.000000000000000e+00, 6.877366251361471e+00
521, 5.324193059799759e-01, 1.968193038221204e-03, 9.281988871474159e-01, 0.000000000000000e+00, 0.000000000000000e+00, 6.876513140828834e+00
522, 5.294206600393998e-01, 1.899983594726143e-03, 9.280913711274773e-01, 0.000000000000000e+00, 0.000000000000000e+00, 6.875684237139234e+00
523, 5.264220282175313e-01, 1.831156096528953e-03, 9.279861960070012e-01, 0.000000000000000e+00, 0.000000000000000e+00, 6.874881243608741e+00
524, 5.234234101652737e-01, 1.761731960291579e-03, 9.278731314367052e-01, 0.000000000000000e+00, 0.000000000000000e+00, 6.874021214202342e+00
525, 5.204248054960134e-01, 1.691731413382130e-03, 9.277527212225958e-01, 0.000000000000000e+00, 0.000000000000000e+00, 6.873100897569310e+00
526, 5.174262138698718e-01, 1.621174916759789e-03, 9.276340675381887e-01, 0.000000000000000e+00, 0.000000000000000e+00, 6.872199999073437e+00
527, 5.144276348385801e-01, 1.550084632408442e-03, 9.275157500077018e-01, 0.000000000000000e+00, 0.000000000000000e+00, 6.871318963101616e+00
528, 5.114290679312327e-01, 1.478485099344308e-03, 9.273956391216103e-01, 0.000000000000000e+00, 0.000000000000000e+00, 6.870433546539195e+00
529, 5.084305127019796e-01, 1.406398045599062e-03, 9.272772797751223e-01, 0.000000000000000e+00, 0.000000000000000e+00, 6.869569271145822e+00
530, 5.054319687077110e-01, 1.333845320079927e-03, 9.271546615099137e-01, 0.000000000000000e+00, 0.000000000000000e+00, 6.868678318980387e+00
531, 5.024334354574582e-01, 1.260849345825030e-03, 9.270104181221896e-01, 0.000000000000000e+00, 0.000000000000000e+00, 6.867612292974848e+00
532, 4.994349124126117e-01, 1.187436476167256e-03, 9.268620202073085e-01, 0.000000000000000e+00, 0.000000000000000e+00, 6.866502590624555e+00
533, 4.964363989763861e-01, 1.113630862570069e-03, 9.267343390962925e-01, 0.000000000000000e+00, 0.000000000000000e+00, 6.865577566939606e+00
534, 4.934378946898723e-01, 1.039455816051173e-03, 9.266263995512090e-01, 0.000000000000000e+00, 0.000000000000000e+00, 6.864836025157964e+00
535, 4.904393989772184e-01, 9.649349317337699e-04, 9.264967661396555e-01, 0.000000000000000e+00, 0.000000000000000e+00, 6.863919475532271e+00
536, 4.874409112039814e-01, 8.900944866798455e-04, 9.263453266788108e-01, 0.000000000000000e+00, 0.000000000000000e+00, 6.862820140259040e+00
537, 4.844424307671739e-01, 8.149622178933029e-04, 9.261943338478030e-01, 0.000000000000000e+00, 0.000000000000000e+00, 6.861707809174876e+00
538, 4.814439569973807e-01, 7.395629950671921e-04, 9.260553362163908e-01, 0.000000000000000e+00, 0.000000000000000e+00, 6.860705121541323e+00
539, 4.784454893201079e-01, 6.639219831186674e-04, 9.259204913367022e-01, 0.000000000000000e+00, 0.000000000000000e+00, 6.859746177522199e+00
540, 4.754470271098031e-01, 5.880653117747482e-04, 9.257827278259220e-01, 0.000000000000000e+00, 0.000000000000000e+00, 6.858754639842114e+00
541, 4.724485695984215e-01, 5.120233940016966e-04, 9.256462213736498e-01, 0.000000000000000e+00, 0.000000000000000e+00, 6.857760186308647e+00
542, 4.694501160564544e-01, 4.358235553298030e-04, 9.254892107901023e-01, 0.000000000000000e+00, 0.000000000000000e+00, 6.856591219125679e+00
543, 4.664516658654134e-01, 3.594926201291802e-04, 9.253345258685456e-01, 0.000000000000000e+00, 0.000000000000000e+00, 6.855417930827929e+00
544, 4.634532183298076e-01, 2.830577690861971e-04, 9.251823788015454e-01, 0.000000000000000e+00, 0.000000000000000e+00, 6.854263444360303e+00
545, 4.604547726652189e-01, 2.065495803253805e-04, 9.250408782120713e-01, 0.000000000000000e+00, 0.000000000000000e+00, 6.853197551521789e+00
546, 4.574563280811710e-01, 1.299993988089198e-04, 9.249061670852428e-01, 0.000000000000000e+00, 0.000000000000000e+00, 6.852213187009014e+00
547, 4.544578838345465e-01, 5.343580701478443e-05, 9.247204465310878e-01, 0.000000000000000e+00, 0.000000000000000e+00, 6.850825684560518e+00
548, 4.514594391835567e-01, -2.311222059114644e-05, 9.245723261097352e-01, 0.000000000000000e+00, 0.000000000000000e+00, 6.849731899810364e+00
549, 4.484609933525605e-01, -9.961462161714599e-05, 9.244255895930986e-01, 0.000000000000000e+00, 0.000000000000000e+00, 6.848666419081578e+00
550, 4.454625454778190e-01, -1.760367297524556e-04, 9.242520901809703e-01, 0.000000000000000e+00, 0.000000000000000e+00, 6.847369793993670e+00
551, 4.424640947648851e-01, -2.523471788896510e-04, 9.240651232556083e-01, 0.000000000000000e+00, 0.000000000000000e+00, 6.845976165441194e+00
552, 4.394656404524201e-01, -3.285150872479239e-04, 9.238671279985576e-01, 0.000000000000000e+00, 0.000000000000000e+00, 6.844507121214666e+00
553, 4.364671817727968e-01, -4.045091269729270e-04, 9.237184917593335e-01, 0.000000000000000e+00, 0.000000000000000e+00, 6.843476549675013e+00
554, 4.334687176856744e-01, -4.802949627431383e-04, 9.235587449061555e-01, 0.000000000000000e+00, 0.000000000000000e+00, 6.842394061451716e+00
555, 4.304702475145641e-01, -5.558362993375115e-04, 9.233629891157614e-01, 0.000000000000000e+00, 0.000000000000000e+00, 6.841015038348957e+00
556, 4.274717703769759e-01, -6.311001830968126e-04, 9.231773068617051e-01, 0.000000000000000e+00, 0.000000000000000e+00, 6.839721338293952e+00
557, 4.244732854109942e-01, -7.060532147100672e-04, 9.230210365302148e-01, 0.000000000000000e+00, 0.000000000000000e+00, 6.838671734967399e+00
558, 4.214747918589147e-01, -7.806613044509798e-04, 9.228520593957477e-01, 0.000000000000000e+00, 0.000000000000000e+00, 6.837521488840411e+00
559, 4.184762888594740e-01, -8.548855621414281e-04, 9.226492881734484e-01, 0.000000000000000e+00, 0.000000000000000e+00, 6.836060525343256e+00
560, 4.154777753312746e-01, -9.286890301029194e-04, 9.224140726626364e-01, 0.000000000000000e+00, 0.000000000000000e+00, 6.834294732255001e+00
561, 4.124792506594780e-01, -1.002036088552297e-03, 9.222189970700678e-01, 0.000000000000000e+00, 0.000000000000000e+00, 6.832843497576919e+00
562, 4.094807140009493e-01, -1.074890571895563e-03, 9.220641335218693e-01, 0.000000000000000e+00, 0.000000000000000e+00, 6.831746781856110e+00
563, 4.064821645006497e-01, -1.147214938333731e-03, 9.218768961729048e-01, 0.000000000000000e+00, 0.000000000000000e+00, 6.830391589550390e+00
564, 4.034836012509692e-01, -1.218966996682981e-03, 9.216462919474876e-01, 0.000000000000000e+00, 0.000000000000000e+00, 6.828679209639723e+00
565, 4.004850234512835e-01, -1.290107956733143e-03, 9.214749852102680e-01, 0.000000000000000e+00, 0.000000000000000e+00, 6.827437062163589e+00
566, 3.974864303545530e-01, -1.360599230271247e-03, 9.212574195771762e-01, 0.000000000000000e+00, 0.000000000000000e+00, 6.825828154734597e+00
567, 3.944878210994422e-01, -1.430401610739585e-03, 9.210347006688441e-01, 0.000000000000000e+00, 0.000000000000000e+00, 6.824162570641150e+00
568, 3.914891948692824e-01, -1.499473912716328e-03, 9.208781238049649e-01, 0.000000000000000e+00, 0.000000000000000e+00, 6.823048325716004e+00
569, 3.884905510295713e-01, -1.567771033908601e-03, 9.206856972551362e-01, 0.000000000000000e+00, 0.000000000000000e+00, 6.821635119818179e+00
570, 3.854918885586543e-01, -1.635251410784876e-03, 9.204315358316950e-01, 0.000000000000000e+00, 0.000000000000000e+00, 6.819708021512434e+00
571, 3.824932069242495e-01, -1.701873174915981e-03, 9.201578323436403e-01, 0.000000000000000e+00, 0.000000000000000e+00, 6.817607072782498e+00
572, 3.794945054567827e-01, -1.767593763518937e-03, 9.199811567875277e-01, 0.000000000000000e+00, 0.000000000000000e+00, 6.816336457045873e+00
573, 3.764957833955282e-01, -1.832368566450792e-03, 9.197999330646216e-01, 0.000000000000000e+00, 0.000000000000000e+00, 6.815082379095902e+00
574, 3.734970399998304e-01, -1.896149208107333e-03, 9.195631359412612e-01, 0.000000000000000e+00, 0.000000000000000e+00, 6.813375099352601e+00
575, 3.704982746697235e-01, -1.958890618058752e-03, 9.193436069817529e-01, 0.000000000000000e+00, 0.000000000000000e+00, 6.811815356573622e+00
576, 3.674994869043956e-01, -2.020547307280999e-03, 9.191005188637817e-01, 0.000000000000000e+00, 0.000000000000000e+00, 6.810063213350376e+00
577, 3.645006761109192e-01, -2.081073006307346e-03, 9.188647555652745e-01, 0.000000000000000e+00, 0.000000000000000e+00, 6.808343829598929e+00
578, 3.615018416489287e-01, -2.140419931558225e-03, 9.186077881758139e-01, 0.000000000000000e+00, 0.000000000000000e+00, 6.806451512339502e+00
579, 3.585029831421384e-01, -2.198535940431100e-03, 9.183525043700483e-01, 0.000000000000000e+00, 0.000000000000000e+00, 6.804573240503066e+00
580, 3.555041001777898e-01, -2.255371662317875e-03, 9.181108229312013e-01, 0.000000000000000e+00, 0.000000000000000e+00, 6.802828544787039e+00
581, 3.525051922981033e-01, -2.310877590808560e-03, 9.178596802187364e-01, 0.000000000000000e+00, 0.000000000000000e+00, 6.801038659485047e+00
582, 3.495062590953191e-01, -2.365003340705132e-03, 9.175952197669378e-01, 0.000000000000000e+00, 0.000000000000000e+00, 6.799151858656971e+00
583, 3.465073001157756e-01, -2.417697593688434e-03, 9.173376137311442e-01, 0.000000000000000e+00, 0.000000000000000e+00, 6.797328063279297e+00
584, 3.435083159296445e-01, -2.468905013075188e-03, 9.170794548148088e-01, 0.000000000000000e+00, 0.000000000000000e+00, 6.795506609455557e+00
585, 3.405093056470042e-01, -2.518570486569832e-03, 9.167904755140414e-01, 0.000000000000000e+00, 0.000000000000000e+00, 6.793432188478636e+00
586, 3.375102692852964e-01, -2.566640020499072e-03, 9.165020998651358e-01, 0.000000000000000e+00, 0.000000000000000e+00, 6.791336415917917e+00
587, 3.345112068696024e-01, -2.613058634509955e-03, 9.162190204996277e-01, 0.000000000000000e+00, 0.000000000000000e+00, 6.789264546618591e+00
588, 3.315121185812054e-01, -2.657770332097934e-03, 9.159345788193821e-01, 0.000000000000000e+00, 0.000000000000000e+00, 6.787169119671118e+00
589, 3.285130045319846e-01, -2.700717663014141e-03, 9.156251573198836e-01, 0.000000000000000e+00, 0.000000000000000e+00, 6.784868711274181e+00
590, 3.255138602325484e-01, -2.741496413794128e-03, 9.152832922138094e-01, 0.000000000000000e+00, 0.000000000000000e+00, 6.782306222132720e+00
591, 3.225147242751308e-01, -2.782884255594750e-03, 9.149698252268138e-01, 0.000000000000000e+00, 0.000000000000000e+00, 6.779992923958155e+00
592, 3.195156844528190e-01, -2.830642265127469e-03, 9.146688615688379e-01, 0.000000000000000e+00, 0.000000000000000e+00, 6.777826016994735e+00
593, 3.165167943629892e-01, -2.887096230106985e-03, 9.143476566876495e-01, 0.000000000000000e+00, 0.000000000000000e+00, 6.775514552675486e+00
594, 3.135180638616186e-01, -2.951415127057526e-03, 9.139678786122646e-01, 0.000000000000000e+00, 0.000000000000000e+00, 6.772742301196280e+00
595, 3.105195106971030e-01, -3.023575310114817e-03, 9.135410005730774e-01, 0.000000000000000e+00, 0.000000000000000e+00, 6.769575500969612e+00
596, 3.075211546315035e-01, -3.103489059123977e-03, 9.131697454964882e-01, 0.000000000000000e+00, 0.000000000000000e+00, 6.766880850793346e+00
597, 3.045230127112040e-01, -3.191066671787959e-03, 9.128294970634837e-01, 0.000000000000000e+00, 0.000000000000000e+00, 6.764519451744280e+00
598, 3.015251014545793e-01, -3.286216402065700e-03, 9.124485261492260e-01, 0.000000000000000e+00, 0.000000000000000e+00, 6.761846986537660e+00
599, 2.985274368286933e-01, -3.388844228040476e-03, 9.120483791811016e-01, 0.000000000000000e+00, 0.000000000000000e+00, 6.759001244372667e+00
600, 2.955300342667095e-01, -3.498852832004374e-03, 9.116291727865710e-01, 0.000000000000000e+00, 0.000000000000000e+00, 6.755999170394272e+00
601, 2.925329077562343e-01, -3.616144178738532e-03, 9.112248430137847e-01, 0.000000000000000e+00, 0.000000000000000e+00, 6.753116697321450e+00
602, 2.895360704557632e-01, -3.740618430407807e-03, 9.107946796748458e-01, 0.000000000000000e+00, 0.000000000000000e+00, 6.750035641786861e+00
603, 2.865395360904904e-01, -3.872173558043017e-03, 9.103633298422591e-01, 0.000000000000000e+00, 0.000000000000000e+00, 6.746930438024515e+00
604, 2.835433165546373e-01, -4.010705414704161e-03, 9.099127190657890e-01, 0.000000000000000e+00, 0.000000000000000e+00, 6.743683719241072e+00
605, 2.805474216235599e-01, -4.156107735246330e-03, 9.094576666277406e-01, 0.000000000000000e+00, 0.000000000000000e+00, 6.740405159550668e+00
606, 2.775518628399104e-01, -4.308271920366444e-03, 9.089480951412209e-01, 0.000000000000000e+00, 0.000000000000000e+00, 6.736699685306970e+00
607, 2.745566495998028e-01, -4.467087188119687e-03, 9.085275059187685e-01, 0.000000000000000e+00, 0.000000000000000e+00, 6.733743042808413e+00
608, 2.715617895924315e-01, -4.632440530013238e-03, 9.081067158676360e-01, 0.000000000000000e+00, 0.000000000000000e+00, 6.730833933663658e+00
609, 2.685672910491974e-01, -4.804216552039849e-03, 9.075914570955614e-01, 0.000000000000000e+00, 0.000000000000000e+00, 6.727133927641943e+00
610, 2.655731617694565e-01, -4.982297478855684e-03, 9.070814029055280e-01, 0.000000000000000e+00, 0.000000000000000e+00, 6.723412540075067e+00
611, 2.625794056661452e-01, -5.166563322528091e-03, 9.065862227720597e-01, 0.000000000000000e+00, 0.000000000000000e+00, 6.719803400014121e+00
612, 2.595860291444030e-01, -5.356891454426518e-03, 9.060871553536661e-01, 0.000000000000000e+00, 0.000000000000000e+00, 6.716171745483956e+00
613, 2.565930361864556e-01, -5.553156847544176e-03, 9.055821091913991e-01, 0.000000000000000e+00, 0.000000000000000e+00, 6.712512278160377e+00
614, 2.536004297860589e-01, -5.755231938612106e-03, 9.050788641696077e-01, 0.000000000000000e+00, 0.000000000000000e+00, 6.708900735433027e+00
615, 2.506082124220654e-01, -5.962986536007439e-03, 9.045808953225197e-01, 0.000000000000000e+00, 0.000000000000000e+00, 6.705356312972439e+00
616, 2.476163858202700e-01, -6.176287768785131e-03, 9.039752550738299e-01, 0.000000000000000e+00, 0.000000000000000e+00, 6.700965010675025e+00
617, 2.446249485766754e-01, -6.395000191453866e-03, 9.034569986887049e-01, 0.000000000000000e+00, 0.000000000000000e+00, 6.697260397622197e+00
618, 2.416339024758590e-01, -6.618985249353239e-03, 9.029068751422570e-01, 0.000000000000000e+00, 0.000000000000000e+00, 6.693345484030996e+00
619, 2.386432452462757e-01, -6.848101722345233e-03, 9.023351885999001e-01, 0.000000000000000e+00, 0.000000000000000e+00, 6.689201259565833e+00
620, 2.356529738522217e-01, -7.082205403114370e-03, 9.017573997750661e-01, 0.000000000000000e+00, 0.000000000000000e+00, 6.684995056463532e+00
621, 2.326630847953843e-01, -7.321148975758462e-03, 9.011467679202505e-01, 0.000000000000000e+00, 0.000000000000000e+00, 6.680508163629764e+00
622, 2.296735741732272e-01, -7.564781904014948e-03, 9.005685142033849e-01, 0.000000000000000e+00, 0.000000000000000e+00, 6.676279933525508e+00
623, 2.266844377331471e-01, -7.812950311420550e-03, 9.000034057922097e-01, 0.000000000000000e+00, 0.000000000000000e+00, 6.672222404791355e+00
624, 2.236956666573641e-01, -8.065497216367901e-03, 8.993759543518126e-01, 0.000000000000000e+00, 0.000000000000000e+00, 6.667708785833280e+00
625, 2.207072556856081e-01, -8.322261724752611e-03, 8.987050733896929e-01, 0.000000000000000e+00, 0.000000000000000e+00, 6.662816929413508e+00
626, 2.177191956411327e-01, -8.583079515837045e-03, 8.980612678649325e-01, 0.000000000000000e+00, 0.000000000000000e+00, 6.658109275656966e+00
627, 2.147314772772513e-01, -8.847782368102129e-03, 8.974196582972588e-01, 0.000000000000000e+00, 0.000000000000000e+00, 6.653434994876304e+00
628, 2.117440910083051e-01, -9.116198014615873e-03, 8.967486443026189e-01, 0.000000000000000e+00, 0.000000000000000e+00, 6.648538183442128e+00
629, 2.087570228074334e-01, -9.388150339313834e-03, 8.961023548998160e-01, 0.000000000000000e+00, 0.000000000000000e+00, 6.643843179270647e+00
630, 2.057702629826475e-01, -9.663458392822386e-03, 8.954585474180476e-01, 0.000000000000000e+00, 0.000000000000000e+00, 6.639147777205245e+00
631, 2.027837970574416e-01, -9.941937013106573e-03, 8.946699481071362e-01, 0.000000000000000e+00, 0.000000000000000e+00, 6.633245744194777e+00
632, 1.997976103935726e-01, -1.022339618613588e-02, 8.940258778481370e-01, 0.000000000000000e+00, 0.000000000000000e+00, 6.628394708192705e+00
633, 1.968116883247752e-01, -1.050764078919475e-02, 8.933893404691904e-01, 0.000000000000000e+00, 0.000000000000000e+00, 6.623694144286246e+00
634, 1.938260121951898e-01, -1.079447071010107e-02, 8.926141213110009e-01, 0.000000000000000e+00, 0.000000000000000e+00, 6.617904633786655e+00
635, 1.908405663222918e-01, -1.108367990215639e-02, 8.918645303319767e-01, 0.000000000000000e+00, 0.000000000000000e+00, 6.612238695147361e+00
636, 1.878553310568472e-01, -1.137505674567733e-02, 8.910852820742226e-01, 0.000000000000000e+00, 0.000000000000000e+00, 6.606316362252836e+00
637, 1.848702869494102e-01, -1.166838331993331e-02, 8.904079733719593e-01, 0.000000000000000e+00, 0.000000000000000e+00, 6.601208714911751e+00
638, 1.818854133192032e-01, -1.196343518564826e-02, 8.896615599283472e-01, 0.000000000000000e+00, 0.000000000000000e+00, 6.595626852400851e+00
639, 1.789006873402099e-01, -1.225998114800198e-02, 8.888988093494286e-01, 0.000000000000000e+00, 0.000000000000000e+00, 6.589860906889683e+00
640, 1.759160863409577e-01, -1.255778494744239e-02, 8.880707135993237e-01, 0.000000000000000e+00, 0.000000000000000e+00, 6.583527095488393e+00
641, 1.729315866477039e-01, -1.285660192300759e-02, 8.872571096038581e-01, 0.000000000000000e+00, 0.000000000000000e+00, 6.577223614446734e+00
642, 1.699471632108327e-01, -1.315617811793249e-02, 8.864901393506843e-01, 0.000000000000000e+00, 0.000000000000000e+00, 6.571422758634109e+00
643, 1.669627893426870e-01, -1.345625089194459e-02, 8.856793546390772e-01, 0.000000000000000e+00, 0.000000000000000e+00, 6.565421710428865e+00
644, 1.639784384356348e-01, -1.375654817059295e-02, 8.848126711625870e-01, 0.000000000000000e+00, 0.000000000000000e+00, 6.558927402608961e+00
645, 1.609940814586242e-01, -1.405678806686801e-02, 8.839219050540544e-01, 0.000000000000000e+00, 0.000000000000000e+00, 6.552168042392224e+00
646, 1.580096893306276e-01, -1.435667795470470e-02, 8.830089573157476e-01, 0.000000000000000e+00, 0.000000000000000e+00, 6.545220996850888e+00
647, 1.550252318483009e-01, -1.465591382544361e-02, 8.820740532301998e-01, 0.000000000000000e+00, 0.000000000000000e+00, 6.538096772698196e+00
648, 1.520406772883030e-01, -1.495418321563720e-02, 8.811227625441534e-01, 0.000000000000000e+00, 0.000000000000000e+00, 6.530823424038337e+00
649, 1.490559941853733e-01, -1.525116329979117e-02, 8.801749367513620e-01, 0.000000000000000e+00, 0.000000000000000e+00, 6.523528761932227e+00
650, 1.460711494083908e-01, -1.554651225115663e-02, 8.792050170637800e-01, 0.000000000000000e+00, 0.000000000000000e+00, 6.516058665479797e+00
651, 1.430861084919635e-01, -1.583987317251004e-02, 8.782191841405935e-01, 0.000000000000000e+00, 0.000000000000000e+00, 6.508504898360954e+00
652, 1.401008366786669e-01, -1.613087287254037e-02, 8.771839199815750e-01, 0.000000000000000e+00, 0.000000000000000e+00, 6.500628884139958e+00
653, 1.371152976852821e-01, -1.641912091237289e-02, 8.761304486283623e-01, 0.000000000000000e+00, 0.000000000000000e+00, 6.492618458953459e+00
654, 1.341294563802218e-01, -1.670421820020781e-02, 8.750402159156725e-01, 0.000000000000000e+00, 0.000000000000000e+00, 6.484286506008025e+00
655, 1.311432760240500e-01, -1.698574200537689e-02, 8.739553729926134e-01, 0.000000000000000e+00, 0.000000000000000e+00, 6.475936579120829e+00
656, 1.281567191032984e-01, -1.726324221953366e-02, 8.728331294319359e-01, 0.000000000000000e+00, 0.000000000000000e+00, 6.467282982684047e+00
657, 1.251697478730822e-01, -1.753624463938088e-02, 8.716696905151943e-01, 0.000000000000000e+00, 0.000000000000000e+00, 6.458297186258768e+00
658, 1.221823246170779e-01, -1.780425474373314e-02, 8.704894556798846e-01, 0.000000000000000e+00, 0.000000000000000e+00, 6.449156925437468e+00
659, 1.191944126399799e-01, -1.806676236117753e-02, 8.693101857855700e-01, 0.000000000000000e+00, 0.000000000000000e+00, 6.440008997536536e+00
660, 1.162059750533233e-01, -1.832321156561954e-02, 8.680869791962239e-01, 0.000000000000000e+00, 0.000000000000000e+00, 6.430511035135880e+00
661, 1.132169741453126e-01, -1.857301143635806e-02, 8.668304180837086e-01, 0.000000000000000e+00, 0.000000000000000e+00, 6.420748879775690e+00
662, 1.102273754112605e-01, -1.881555039166473e-02, 8.655451770223016e-01, 0.000000000000000e+00, 0.000000000000000e+00, 6.410771898996457e+00
663, 1.072371457335493e-01, -1.905017927386803e-02, 8.642193254217214e-01, 0.000000000000000e+00, 0.000000000000000e+00, 6.400492221304997e+00
664, 1.042462523494417e-01, -1.927618808966054e-02, 8.627772610932422e-01, 0.000000000000000e+00, 0.000000000000000e+00, 6.389286061536363e+00
665, 1.012546664801865e-01, -1.949283215271034e-02, 8.614508075159173e-01, 0.000000000000000e+00, 0.000000000000000e+00, 6.378882905022119e+00
666, 9.826236284522984e-02, -1.969932879508482e-02, 8.600840183023215e-01, 0.000000000000000e+00, 0.000000000000000e+00, 6.368195129399675e+00
667, 9.526931984023530e-02, -1.989480895442669e-02, 8.586382091066390e-01, 0.000000000000000e+00, 0.000000000000000e+00, 6.356930573648791e+00
668, 9.227552265223965e-02, -2.007836660465766e-02, 8.571401547177727e-01, 0.000000000000000e+00, 0.000000000000000e+00, 6.345219667219232e+00
669, 8.928096220163680e-02, -2.024902013020639e-02, 8.557566291032400e-01, 0.000000000000000e+00, 0.000000000000000e+00, 6.334297402572779e+00
670, 8.628563781227057e-02, -2.040569229674300e-02, 8.542900761277746e-01, 0.000000000000000e+00, 0.000000000000000e+00, 6.322821253053577e+00
671, 8.328956228073593e-02, -2.054725516083052e-02, 8.525789165730505e-01, 0.000000000000000e+00, 0.000000000000000e+00, 6.309600944134313e+00
672, 8.029275826519687e-02, -2.067244054106098e-02, 8.509474479977326e-01, 0.000000000000000e+00, 0.000000000000000e+00, 6.296872890120205e+00
673, 7.729526741264617e-02, -2.077991467696796e-02, 8.494798863165669e-01, 0.000000000000000e+00, 0.000000000000000e+00, 6.285213311664444e+00
674, 7.429715026918528e-02, -2.086817797203518e-02, 8.478543927935298e-01, 0.000000000000000e+00, 0.000000000000000e+00, 6.272324740404343e+00
675, 7.129849381245004e-02, -2.093563355394431e-02, 8.462213160084301e-01, 0.000000000000000e+00, 0.000000000000000e+00, 6.259505826388076e+00
676, 6.829941529384628e-02, -2.098048320885814e-02, 8.444191880949162e-01, 0.000000000000000e+00, 0.000000000000000e+00, 6.245482532889218e+00
677, 6.530007157872571e-02, -2.100078939599237e-02, 8.428663202417601e-01, 0.000000000000000e+00, 0.000000000000000e+00, 6.233180350778986e+00
678, 6.230066755016819e-02, -2.099437268839369e-02, 8.413175613268381e-01, 0.000000000000000e+00, 0.000000000000000e+00, 6.220897821663830e+00
679, 5.930146949952418e-02, -2.095883263562256e-02, 8.396790038722179e-01, 0.000000000000000e+00, 0.000000000000000e+00, 6.208003066467565e+00
680, 5.630281769178585e-02, -2.089150082438948e-02, 8.379945453621219e-01, 0.000000000000000e+00, 0.000000000000000e+00, 6.194810446053085e+00
681, 5.330515496204338e-02, -2.078936612795066e-02, 8.362423280400026e-01, 0.000000000000000e+00, 0.000000000000000e+00, 6.181140191540995e+00
682, 5.030903968554224e-02, -2.064905773744550e-02, 8.345449593175343e-01, 0.000000000000000e+00, 0.000000000000000e+00, 6.167879301457750e+00
683, 4.731518915650033e-02, -2.046677061289293e-02, 8.329445377441502e-01, 0.000000000000000e+00, 0.000000000000000e+00, 6.155360869376409e+00
684, 4.432452342740380e-02, -2.023818120720502e-02, 8.314910686611648e-01, 0.000000000000000e+00, 0.000000000000000e+00, 6.143991600180798e+00
685, 4.133822443554958e-02, -1.995835484945352e-02, 8.301803368913090e-01, 0.000000000000000e+00, 0.000000000000000e+00, 6.133774768263650e+00
686, 3.835781400118199e-02, -1.962163230451883e-02, 8.287048362174171e-01, 0.000000000000000e+00, 0.000000000000000e+00, 6.122490287506442e+00
687, 3.538526728760907e-02, -1.922149183980156e-02, 8.275094305942882e-01, 0.000000000000000e+00, 0.000000000000000e+00, 6.113386883636012e+00
688, 3.242315610493247e-02, -1.875037976929890e-02, 8.272231965489446e-01, 0.000000000000000e+00, 0.000000000000000e+00, 6.111127945549069e+00
689, 2.947485921286104e-02, -1.819950664092347e-02, 8.279544702624881e-01, 0.000000000000000e+00, 0.000000000000000e+00, 6.116454209176347e+00
690, 2.654484692604099e-02, -1.755860346860066e-02, 8.297445125953103e-01, 0.000000000000000e+00, 0.000000000000000e+00, 6.130051226970012e+00
691, 2.363908077307502e-02, -1.681563972315140e-02, 8.324202429187300e-01, 0.000000000000000e+00, 0.000000000000000e+00, 6.150922035513791e+00
692, 2.076556306708493e-02, -1.595654663417300e-02, 8.363778070278692e-01, 0.000000000000000e+00, 0.000000000000000e+00, 6.181953335555720e+00
693, 1.793513313372426e-02, -1.496492378423312e-02, 8.431355309909113e-01, 0.000000000000000e+00, 0.000000000000000e+00, 6.234370508487034e+00
694, 1.516250807095563e-02, -1.382188680187463e-02, 8.546131157817387e-01, 0.000000000000000e+00, 0.000000000000000e+00, 6.323040192026767e+00
695, 1.246769584557203e-02, -1.250620463663875e-02, 8.731958289705279e-01, 0.000000000000000e+00, 0.000000000000000e+00, 6.466809871996939e+00
696, 9.877644963629487e-03, -1.099511873679465e-02, 8.953414694080586e-01, 0.000000000000000e+00, 0.000000000000000e+00, 6.640390875626538e+00
697, 7.427886777450867e-03, -9.266327564139589e-03, 9.117759823058676e-01, 0.000000000000000e+00, 0.000000000000000e+00, 6.771828204728998e+00
698, 5.163248949965451e-03, -7.301799817604053e-03, 9.397946936425901e-01, 0.000000000000000e+00, 0.000000000000000e+00, 6.991961133572602e+00
699, 3.136070751418558e-03, -5.093563955418627e-03, 9.722823952851540e-01, 0.000000000000000e+00, 0.000000000000000e+00, 7.247695997479108e+00
700, 1.400087974517127e-03, -2.650134654545125e-03, 1.008877566795106e+00, 0.000000000000000e+00, 0.000000000000000e+00, 7.536273450262828e+00
